campaign,date,location_id,site,transect,transect_stop,lat,long,elevation,vwc_20,conductivity_20,thaw_depth,bedrock_depth,stem_density,parent_material,aspect,comments,burn,vwc_12,conductivity_12,c_stock_above_mean,c_stock_above_sd,c_stock_above_se,c_stock_above_n,n_stock_above_mean,n_stock_above_sd,n_stock_above_se,n_stock_above_n,organic_thickness,cn_mean,cn_sd,cn_se,cn_n,d13c_mean,d13c_sd,d13c_se,d13c_n,d15n_mean,d15n_sd,d15n_se,d15n_n,bulk_d_mean,bulk_d_sd,bulk_d_se,bulk_d_n,vwc_lab_mean,vwc_lab_sd,vwc_lab_se,vwc_lab_n,basal_d,biomass_mod_stem,biomass_mod_stem_sd,biomass_mod_stem_se,biomass_mod_stem_n,biomass_mod,biomass_mod_se,biomass_mod_n,biomass_c_mod,biomass_c_mod_se,biomass_c_mod_n,biomass,ndvi_max_trend,ndvi_max_2019,age_mean,age_sd,age_se,age_n,percent_bare_mean,percent_bare_sd,percent_bare_se,percent_bare_n,percent_moss_mean,percent_moss_sd,percent_moss_se,percent_moss_n,percent_lichen_mean,percent_lichen_sd,percent_lichen_se,percent_lichen_n,percent_dwarf_shrub_mean,percent_dwarf_shrub_sd,percent_dwarf_shrub_se,percent_dwarf_shrub_n,percent_graminoid_mean,percent_graminoid_sd,percent_graminoid_se,percent_graminoid_n,percent_alder_mean,percent_alder_sd,percent_alder_se,percent_alder_n,percent_willow_mean,percent_willow_sd,percent_willow_se,percent_willow_n,percent_aspen_mean,percent_aspen_sd,percent_aspen_se,percent_aspen_n,percent_paper_birch_mean,percent_paper_birch_sd,percent_paper_birch_se,percent_paper_birch_n,percent_alder_max_mean,percent_alder_max_sd,percent_alder_max_se,percent_alder_max_n,percent_alder_upper_mean,percent_alder_upper_sd,percent_alder_upper_se,percent_alder_upper_n,percent_alder_mid_mean,percent_alder_mid_sd,percent_alder_mid_se,percent_alder_mid_n,percent_alder_lower_mean,percent_alder_lower_sd,percent_alder_lower_se,percent_alder_lower_n,shrub_size_coverage,shrub_size_biomass
2018,2018-08-14,S3-1-5-2018,S3,1,5,66.38159,-150.51004,-9999.0,0.6945,3.492,41.75,-9999,-9999,Granite,E/NE,,Y,0.3605,1.70225,0.545198722,-9999,-9999.0,2,0.023117807,-9999,-9999.0,2,9,-9999.0,-9999,-9999.0,-9999,-9999.0,-9999,-9999.0,-9999,-9999.0,-9999,-9999.0,-9999,-9999.0,-9999,-9999,-9999,-9999.0,-9999,-9999,-9999,-9999.0,0.0,-9999.0,-9999.0,1,0.0,0.0,0,0.0,0.0,0,-9999.0,0.007666223,0.740986276,-9999.0,-9999.0,-9999.0,-9999,-9999.0,-9999.0,-9999.0,-9999,-9999.0,-9999.0,-9999.0,-9999,50.0,-9999.0,-9999.0,1,20.0,-9999.0,-9999.0,1,30.0,-9999.0,-9999.0,1,3.0,2.828427125,2.0,2,-9999.0,-9999.0,-9999.0,-9999,-9999,-9999,-9999,-9999,-9999,-9999,-9999,-9999,5.0,-9999.0,2.0,1,-9999.0,-9999.0,-9999.0,-9999,1.0,-9999.0,-9999.0,1,5.0,-9999.0,-9999.0,1,<2,<2
2018,2018-08-14,S3-1-15-2018,S3,1,15,66.38141,-150.50995,-9999.0,0.6055,3.4005,35.5,-9999,-9999,Granite,E/NE,,Y,0.48825,1.9315,0.734689627,-9999,-9999.0,2,0.011667997,-9999,-9999.0,2,20,-9999.0,-9999,-9999.0,-9999,-9999.0,-9999,-9999.0,-9999,-9999.0,-9999,-9999.0,-9999,-9999.0,-9999,-9999,-9999,-9999.0,-9999,-9999,-9999,-9999.0,0.0,-9999.0,-9999.0,1,0.0,0.0,0,0.0,0.0,0,-9999.0,0.007666223,0.740986276,-9999.0,-9999.0,-9999.0,-9999,-9999.0,-9999.0,-9999.0,-9999,5.0,-9999.0,-9999.0,1,15.0,-9999.0,-9999.0,1,50.0,-9999.0,-9999.0,1,30.0,-9999.0,-9999.0,1,1.0,-9999.0,-9999.0,1,-9999.0,-9999.0,-9999.0,-9999,-9999,-9999,-9999,-9999,-9999,-9999,-9999,-9999,1.0,-9999.0,-9999.0,1,-9999.0,-9999.0,-9999.0,-9999,1.0,-9999.0,-9999.0,1,-9999.0,-9999.0,-9999.0,-9999,<2,<2
2018,2018-08-14,S3-1-25-2018,S3,1,25,66.38122,-150.50951,-9999.0,0.1007,1.8293,60.8,-9999,-9999,Granite,E/NE,,Y,-9999.0,-9999.0,0.332978137,-9999,-9999.0,2,0.010839329,-9999,-9999.0,2,25,-9999.0,-9999,-9999.0,-9999,-9999.0,-9999,-9999.0,-9999,-9999.0,-9999,-9999.0,-9999,-9999.0,-9999,-9999,-9999,-9999.0,-9999,-9999,-9999,-9999.0,0.0,-9999.0,-9999.0,1,0.0,0.0,0,0.0,0.0,0,-9999.0,0.007666223,0.740986276,-9999.0,-9999.0,-9999.0,-9999,-9999.0,-9999.0,-9999.0,-9999,5.0,-9999.0,-9999.0,1,-9999.0,-9999.0,-9999.0,-9999,70.0,-9999.0,-9999.0,1,25.0,-9999.0,-9999.0,1,1.0,-9999.0,-9999.0,1,-9999.0,-9999.0,-9999.0,-9999,-9999,-9999,-9999,-9999,-9999,-9999,-9999,-9999,1.0,-9999.0,-9999.0,1,-9999.0,-9999.0,-9999.0,-9999,1.0,-9999.0,-9999.0,1,-9999.0,-9999.0,-9999.0,-9999,<2,<2
2018,2018-08-14,S3-2-5-2018,S3,2,5,66.38167,-150.51077,-9999.0,0.5848,3.3301,74.5,-9999,-9999,Granite,E/NE,,Y,0.7224,2.3231,0.145982518,-9999,-9999.0,2,0.006086905,-9999,-9999.0,2,4,-9999.0,-9999,-9999.0,-9999,-9999.0,-9999,-9999.0,-9999,-9999.0,-9999,-9999.0,-9999,-9999.0,-9999,-9999,-9999,-9999.0,-9999,-9999,-9999,-9999.0,0.0,-9999.0,-9999.0,1,0.0,0.0,0,0.0,0.0,0,-9999.0,0.007666223,0.740986276,-9999.0,-9999.0,-9999.0,-9999,-9999.0,-9999.0,-9999.0,-9999,5.0,-9999.0,-9999.0,1,15.0,-9999.0,-9999.0,1,40.0,-9999.0,-9999.0,1,40.0,-9999.0,-9999.0,1,1.5,0.707106781,0.5,2,-9999.0,-9999.0,-9999.0,-9999,-9999,-9999,-9999,-9999,-9999,-9999,-9999,-9999,2.0,-9999.0,0.5,1,-9999.0,-9999.0,-9999.0,-9999,1.0,-9999.0,-9999.0,1,2.0,-9999.0,-9999.0,1,<2,<2
2018,2018-08-14,S3-2-15-2018,S3,2,15,66.3814,-150.51082,-9999.0,0.5609,3.2548,58.0,-9999,-9999,Granite,E/NE,,Y,0.5256,2.0391,0.16686209,-9999,-9999.0,2,0.01039962,-9999,-9999.0,2,11,-9999.0,-9999,-9999.0,-9999,-9999.0,-9999,-9999.0,-9999,-9999.0,-9999,-9999.0,-9999,-9999.0,-9999,-9999,-9999,-9999.0,-9999,-9999,-9999,-9999.0,0.0,-9999.0,-9999.0,1,0.0,0.0,0,0.0,0.0,0,-9999.0,0.007666223,0.740986276,-9999.0,-9999.0,-9999.0,-9999,-9999.0,-9999.0,-9999.0,-9999,15.0,-9999.0,-9999.0,1,25.0,-9999.0,-9999.0,1,20.0,-9999.0,-9999.0,1,40.0,-9999.0,-9999.0,1,1.5,0.707106781,0.5,2,-9999.0,-9999.0,-9999.0,-9999,-9999,-9999,-9999,-9999,-9999,-9999,-9999,-9999,2.0,-9999.0,0.5,1,-9999.0,-9999.0,-9999.0,-9999,2.0,-9999.0,-9999.0,1,1.0,-9999.0,-9999.0,1,<2,<2
2018,2018-08-14,S3-2-25-2018,S3,2,25,66.38116,-150.51035,-9999.0,0.5507,3.2272,60.9,-9999,-9999,Granite,E/NE,,Y,0.4299,1.8761,0.608164621,-9999,-9999.0,2,0.025283216,-9999,-9999.0,2,18,-9999.0,-9999,-9999.0,-9999,-9999.0,-9999,-9999.0,-9999,-9999.0,-9999,-9999.0,-9999,-9999.0,-9999,-9999,-9999,-9999.0,-9999,-9999,-9999,-9999.0,0.0,-9999.0,-9999.0,1,0.0,0.0,0,0.0,0.0,0,-9999.0,0.007666223,0.740986276,-9999.0,-9999.0,-9999.0,-9999,-9999.0,-9999.0,-9999.0,-9999,5.0,-9999.0,-9999.0,1,10.0,-9999.0,-9999.0,1,45.0,-9999.0,-9999.0,1,40.0,-9999.0,-9999.0,1,12.5,3.535533906,2.5,2,-9999.0,-9999.0,-9999.0,-9999,-9999,-9999,-9999,-9999,-9999,-9999,-9999,-9999,15.0,-9999.0,2.5,1,10.0,-9999.0,-9999.0,1,15.0,-9999.0,-9999.0,1,-9999.0,-9999.0,-9999.0,-9999,>2,<2
2018,2018-08-14,S3-3-5-2018,S3,3,5,66.38164,-150.51137,-9999.0,0.4714,2.9476,35.5,-9999,-9999,Granite,E/NE,,Y,0.2976,1.5588,0.180261518,-9999,-9999.0,2,0.006895478,-9999,-9999.0,2,15,-9999.0,-9999,-9999.0,-9999,-9999.0,-9999,-9999.0,-9999,-9999.0,-9999,-9999.0,-9999,-9999.0,-9999,-9999,-9999,-9999.0,-9999,-9999,-9999,-9999.0,0.0,-9999.0,-9999.0,1,0.0,0.0,0,0.0,0.0,0,-9999.0,0.007666223,0.740986276,-9999.0,-9999.0,-9999.0,-9999,5.0,-9999.0,-9999.0,1,5.0,-9999.0,-9999.0,1,-9999.0,-9999.0,-9999.0,-9999,45.0,-9999.0,-9999.0,1,45.0,-9999.0,-9999.0,1,1.5,0.707106781,0.5,2,-9999.0,-9999.0,-9999.0,-9999,-9999,-9999,-9999,-9999,-9999,-9999,-9999,-9999,2.0,-9999.0,0.5,1,-9999.0,-9999.0,-9999.0,-9999,2.0,-9999.0,-9999.0,1,1.0,-9999.0,-9999.0,1,<2,<2
2018,2018-08-14,S3-3-15-2018,S3,3,15,66.38138,-150.51127,-9999.0,0.4826,2.994,50.4,-9999,-9999,Granite,E/NE,,Y,0.3825,1.7228,0.218749616,-9999,-9999.0,3,0.009802373,-9999,-9999.0,3,10,-9999.0,-9999,-9999.0,-9999,-9999.0,-9999,-9999.0,-9999,-9999.0,-9999,-9999.0,-9999,-9999.0,-9999,-9999,-9999,-9999.0,-9999,-9999,-9999,-9999.0,0.0,-9999.0,-9999.0,1,0.0,0.0,0,0.0,0.0,0,-9999.0,0.007666223,0.740986276,-9999.0,-9999.0,-9999.0,-9999,3.0,-9999.0,-9999.0,1,2.0,-9999.0,-9999.0,1,15.0,-9999.0,-9999.0,1,60.0,-9999.0,-9999.0,1,20.0,-9999.0,-9999.0,1,1.5,0.707106781,0.5,2,-9999.0,-9999.0,-9999.0,-9999,-9999,-9999,-9999,-9999,-9999,-9999,-9999,-9999,2.0,-9999.0,0.5,1,-9999.0,-9999.0,-9999.0,-9999,2.0,-9999.0,-9999.0,1,1.0,-9999.0,-9999.0,1,<2,<2
2018,2018-08-14,S3-3-25-2018,S3,3,25,66.38098,-150.51084,-9999.0,0.5718,3.2714,96.0,-9999,-9999,Granite,E/NE,,Y,0.4894,1.9807,1.252568159,-9999,-9999.0,4,0.047396826,-9999,-9999.0,4,15,-9999.0,-9999,-9999.0,-9999,-9999.0,-9999,-9999.0,-9999,-9999.0,-9999,-9999.0,-9999,-9999.0,-9999,-9999,-9999,-9999.0,-9999,-9999,-9999,-9999.0,0.0,-9999.0,-9999.0,1,0.0,0.0,0,0.0,0.0,0,-9999.0,0.007666223,0.740986276,-9999.0,-9999.0,-9999.0,-9999,-9999.0,-9999.0,-9999.0,-9999,5.0,-9999.0,-9999.0,1,30.0,-9999.0,-9999.0,1,30.0,-9999.0,-9999.0,1,35.0,-9999.0,-9999.0,1,6.0,5.656854249,4.0,2,-9999.0,-9999.0,-9999.0,-9999,-9999,-9999,-9999,-9999,-9999,-9999,-9999,-9999,10.0,-9999.0,4.0,1,-9999.0,-9999.0,-9999.0,-9999,10.0,-9999.0,-9999.0,1,2.0,-9999.0,-9999.0,1,<2,<2
2019,2019-08-22,S1-1-0,S1,1,0,66.34031,-150.46056,592.0,0.187,2.04,35.0,-9999,24,Granite,E/NE,,Y,-9999.0,-9999.0,0.669274663,-9999,0.003200273,1,0.030151649,-9999,0.000250547,1,3,27.33381001,-9999,-9999.0,1,-25.2195894,-9999,-9999.0,1,-0.3009061,-9999,-9999.0,1,0.747308225,-9999,-9999,1,0.593373256,-9999,-9999,1,3.4,197.9680969,154.1419133,13.52795681,6,4.751234326,0.324670963,24,2.375617163,0.162335482,24,-9999.0,0.019800287,0.77832079,12.0,-9999.0,-9999.0,1,10.0,-9999.0,-9999.0,1,30.0,-9999.0,-9999.0,1,-9999.0,-9999.0,-9999.0,-9999,40.0,-9999.0,-9999.0,1,20.0,-9999.0,-9999.0,1,12.5,10.60660172,7.5,2,-9999.0,-9999.0,-9999.0,-9999,1,-9999,-9999,1,-9999,-9999,-9999,-9999,20.0,-9999.0,7.5,1,-9999.0,-9999.0,-9999.0,-9999,20.0,-9999.0,-9999.0,1,5.0,-9999.0,-9999.0,1,<2,>2
2019,2019-08-22,S1-1-5,S1,1,5,66.34023,-150.46056,612.0,-9999.0,-9999.0,83.0,-9999,0,Granite,E/NE,,Y,-9999.0,-9999.0,-9999.0,-9999,-9999.0,-9999,-9999.0,-9999,-9999.0,-9999,-9999,-9999.0,-9999,-9999.0,-9999,-9999.0,-9999,-9999.0,-9999,-9999.0,-9999,-9999.0,-9999,-9999.0,-9999,-9999,-9999,-9999.0,-9999,-9999,-9999,-9999.0,0.0,-9999.0,-9999.0,1,0.0,0.0,0,0.0,0.0,0,-9999.0,0.019800287,0.77832079,-9999.0,-9999.0,-9999.0,-9999,10.0,-9999.0,-9999.0,1,30.0,-9999.0,-9999.0,1,-9999.0,-9999.0,-9999.0,-9999,40.0,-9999.0,-9999.0,1,20.0,-9999.0,-9999.0,1,12.5,10.60660172,7.5,2,-9999.0,-9999.0,-9999.0,-9999,1,-9999,-9999,1,-9999,-9999,-9999,-9999,20.0,-9999.0,7.5,1,-9999.0,-9999.0,-9999.0,-9999,20.0,-9999.0,-9999.0,1,5.0,-9999.0,-9999.0,1,<2,<2
2019,2019-08-22,S1-1-10,S1,1,10,66.34025,-150.46045,598.0,0.123,1.878,-9999.0,-9999,4,Granite,E/NE,,Y,-9999.0,-9999.0,-9999.0,-9999,-9999.0,-9999,-9999.0,-9999,-9999.0,-9999,-9999,-9999.0,-9999,-9999.0,-9999,-9999.0,-9999,-9999.0,-9999,-9999.0,-9999,-9999.0,-9999,-9999.0,-9999,-9999,-9999,-9999.0,-9999,-9999,-9999,1.0,8.102817152,-9999.0,3.457790093,1,0.032411269,0.01383116,4,0.016205634,0.00691558,4,-9999.0,0.019800287,0.77832079,-9999.0,-9999.0,-9999.0,-9999,10.0,0.0,0.0,2,20.0,14.14213562,10.0,2,-9999.0,-9999.0,-9999.0,-9999,45.0,7.071067812,5.0,2,25.0,7.071067812,5.0,2,7.6,7.765307463,3.472751071,5,-9999.0,-9999.0,-9999.0,-9999,1,-9999,-9999,1,-9999,-9999,-9999,-9999,15.0,7.071067812,6.410169871,2,1.0,-9999.0,-9999.0,1,15.0,7.071067812,5.0,2,3.5,2.121320344,1.5,2,>2,<2
2019,2019-08-22,S1-1-15,S1,1,15,66.34021,-150.46042,594.0,-9999.0,-9999.0,54.0,-9999,0,Granite,E/NE,,Y,-9999.0,-9999.0,-9999.0,-9999,-9999.0,-9999,-9999.0,-9999,-9999.0,-9999,-9999,-9999.0,-9999,-9999.0,-9999,-9999.0,-9999,-9999.0,-9999,-9999.0,-9999,-9999.0,-9999,-9999.0,-9999,-9999,-9999,-9999.0,-9999,-9999,-9999,-9999.0,0.0,-9999.0,-9999.0,1,0.0,0.0,0,0.0,0.0,0,-9999.0,0.019800287,0.77832079,-9999.0,-9999.0,-9999.0,-9999,10.0,-9999.0,-9999.0,1,10.0,-9999.0,-9999.0,1,-9999.0,-9999.0,-9999.0,-9999,50.0,-9999.0,-9999.0,1,30.0,-9999.0,-9999.0,1,4.333333333,4.932882862,2.848001248,3,-9999.0,-9999.0,-9999.0,-9999,-9999,-9999,-9999,-9999,-9999,-9999,-9999,-9999,10.0,-9999.0,2.848001248,1,1.0,-9999.0,-9999.0,1,10.0,-9999.0,-9999.0,1,2.0,-9999.0,-9999.0,1,>2,<2
2019,2019-08-22,S1-1-20,S1,1,20,66.34015,-150.46041,594.0,0.484,2.935,60.0,-9999,0,Granite,E/NE,,Y,-9999.0,-9999.0,1.647603073,-9999,-9999.0,1,0.078006513,-9999,-9999.0,1,13,24.7,-9999,-9999.0,1,-26.3,-9999,-9999.0,1,0.6,-9999,-9999.0,1,0.116635342,-9999,-9999,1,0.349708673,-9999,-9999,1,-9999.0,0.0,-9999.0,-9999.0,1,0.0,0.0,0,0.0,0.0,0,-9999.0,0.019800287,0.77832079,-9999.0,-9999.0,-9999.0,-9999,10.0,-9999.0,-9999.0,1,15.0,7.071067812,5.0,2,-9999.0,-9999.0,-9999.0,-9999,40.0,14.14213562,10.0,2,40.0,14.14213562,10.0,2,3.5,4.358898944,2.179449472,4,1.0,-9999.0,-9999.0,1,-9999,-9999,-9999,-9999,-9999,-9999,-9999,-9999,5.5,6.363961031,4.719934086,2,1.0,-9999.0,-9999.0,1,10.0,-9999.0,-9999.0,1,1.5,0.707106781,0.5,2,>2,<2
2019,2019-08-22,S1-1-25,S1,1,25,66.34012,-150.46039,595.0,0.443,2.773,110.0,-9999,0,Granite,E/NE,,Y,-9999.0,-9999.0,-9999.0,-9999,-9999.0,-9999,-9999.0,-9999,-9999.0,-9999,-9999,-9999.0,-9999,-9999.0,-9999,-9999.0,-9999,-9999.0,-9999,-9999.0,-9999,-9999.0,-9999,-9999.0,-9999,-9999,-9999,-9999.0,-9999,-9999,-9999,-9999.0,0.0,-9999.0,-9999.0,1,0.0,0.0,0,0.0,0.0,0,-9999.0,0.019800287,0.77832079,-9999.0,-9999.0,-9999.0,-9999,-9999.0,-9999.0,-9999.0,-9999,20.0,-9999.0,-9999.0,1,-9999.0,-9999.0,-9999.0,-9999,30.0,-9999.0,-9999.0,1,50.0,-9999.0,-9999.0,1,1.0,-9999.0,-9999.0,1,1.0,-9999.0,-9999.0,1,-9999,-9999,-9999,-9999,-9999,-9999,-9999,-9999,1.0,-9999.0,-9999.0,1,-9999.0,-9999.0,-9999.0,-9999,-9999.0,-9999.0,-9999.0,-9999,1.0,-9999.0,-9999.0,1,<2,<2
2019,2019-08-22,S1-1-30,S1,1,30,66.34008,-150.46036,597.0,0.311,2.362,63.0,-9999,24,Granite,E/NE,,Y,-9999.0,-9999.0,-9999.0,-9999,-9999.0,-9999,-9999.0,-9999,-9999.0,-9999,-9999,-9999.0,-9999,-9999.0,-9999,-9999.0,-9999,-9999.0,-9999,-9999.0,-9999,-9999.0,-9999,-9999.0,-9999,-9999,-9999,-9999.0,-9999,-9999,-9999,0.4,0.213458506,0.135303894,0.126174511,6,0.005123004,0.003028188,24,0.002561502,0.001514094,24,-9999.0,0.019800287,0.77832079,2.0,-9999.0,-9999.0,1,-9999.0,-9999.0,-9999.0,-9999,20.0,-9999.0,-9999.0,1,-9999.0,-9999.0,-9999.0,-9999,30.0,-9999.0,-9999.0,1,50.0,-9999.0,-9999.0,1,1.0,-9999.0,-9999.0,1,1.0,-9999.0,-9999.0,1,-9999,-9999,-9999,-9999,-9999,-9999,-9999,-9999,1.0,-9999.0,-9999.0,1,-9999.0,-9999.0,-9999.0,-9999,-9999.0,-9999.0,-9999.0,-9999,1.0,-9999.0,-9999.0,1,<2,<2
2019,2019-08-22,S1-2-0,S1,2,0,66.34035,-150.46007,595.0,0.194,2.056,22.0,-9999,56,Granite,E/NE,,Y,-9999.0,-9999.0,0.458678738,-9999,0.007238693,1,0.020062808,-9999,2.68e-05,1,6,23.38910283,-9999,-9999.0,1,-25.5893133,-9999,-9999.0,1,2.9442792,-9999,-9999.0,1,0.172354538,-9999,-9999,1,0.376121019,-9999,-9999,1,2.0,34.20862592,79.9450057,3.109585351,14,1.915683052,0.17413678,56,0.957841526,0.08706839,56,-9999.0,0.019800287,0.77832079,11.0,-9999.0,-9999.0,1,2.0,-9999.0,-9999.0,1,10.0,-9999.0,-9999.0,1,-9999.0,-9999.0,-9999.0,-9999,38.0,-9999.0,-9999.0,1,50.0,-9999.0,-9999.0,1,8.0,9.899494937,7.0,2,-9999.0,-9999.0,-9999.0,-9999,-9999,-9999,-9999,-9999,-9999,-9999,-9999,-9999,15.0,-9999.0,7.0,1,-9999.0,-9999.0,-9999.0,-9999,15.0,-9999.0,-9999.0,1,1.0,-9999.0,-9999.0,1,<2,<2
2019,2019-08-22,S1-2-5,S1,2,5,66.34031,-150.46,593.0,-9999.0,-9999.0,66.0,-9999,8,Granite,E/NE,,Y,-9999.0,-9999.0,-9999.0,-9999,-9999.0,-9999,-9999.0,-9999,-9999.0,-9999,-9999,-9999.0,-9999,-9999.0,-9999,-9999.0,-9999,-9999.0,-9999,-9999.0,-9999,-9999.0,-9999,-9999.0,-9999,-9999,-9999,-9999.0,-9999,-9999,-9999,0.3,0.328191894,0.195147249,0.291840536,2,0.002625535,0.002334724,8,0.001312768,0.001167362,8,-9999.0,0.019800287,0.77832079,-9999.0,-9999.0,-9999.0,-9999,2.0,-9999.0,-9999.0,1,10.0,-9999.0,-9999.0,1,-9999.0,-9999.0,-9999.0,-9999,38.0,-9999.0,-9999.0,1,50.0,-9999.0,-9999.0,1,8.0,9.899494937,7.0,2,-9999.0,-9999.0,-9999.0,-9999,-9999,-9999,-9999,-9999,-9999,-9999,-9999,-9999,15.0,-9999.0,7.0,1,-9999.0,-9999.0,-9999.0,-9999,15.0,-9999.0,-9999.0,1,1.0,-9999.0,-9999.0,1,<2,<2
2019,2019-08-22,S1-2-10,S1,2,10,66.34026,-150.45995,592.0,0.414,2.671,110.0,-9999,0,Granite,E/NE,,Y,-9999.0,-9999.0,-9999.0,-9999,-9999.0,-9999,-9999.0,-9999,-9999.0,-9999,-9999,-9999.0,-9999,-9999.0,-9999,-9999.0,-9999,-9999.0,-9999,-9999.0,-9999,-9999.0,-9999,-9999.0,-9999,-9999,-9999,-9999.0,-9999,-9999,-9999,-9999.0,0.0,-9999.0,-9999.0,1,0.0,0.0,0,0.0,0.0,0,-9999.0,0.019800287,0.77832079,-9999.0,-9999.0,-9999.0,-9999,8.5,9.192388155,6.5,2,7.5,3.535533906,2.5,2,-9999.0,-9999.0,-9999.0,-9999,44.0,8.485281374,6.0,2,40.0,14.14213562,10.0,2,9.0,7.118052168,3.559026084,4,-9999.0,-9999.0,-9999.0,-9999,-9999,-9999,-9999,-9999,-9999,-9999,-9999,-9999,15.0,0.0,4.301162634,2,-9999.0,-9999.0,-9999.0,-9999,15.0,0.0,0.0,2,3.0,2.828427125,2.0,2,<2,<2
2019,2019-08-22,S1-2-15,S1,2,15,66.34023,-150.45989,594.0,0.425,2.709,70.0,-9999,0,Granite,E/NE,,Y,-9999.0,-9999.0,-9999.0,-9999,-9999.0,-9999,-9999.0,-9999,-9999.0,-9999,-9999,-9999.0,-9999,-9999.0,-9999,-9999.0,-9999,-9999.0,-9999,-9999.0,-9999,-9999.0,-9999,-9999.0,-9999,-9999,-9999,-9999.0,-9999,-9999,-9999,-9999.0,0.0,-9999.0,-9999.0,1,0.0,0.0,0,0.0,0.0,0,-9999.0,0.019800287,0.77832079,-9999.0,-9999.0,-9999.0,-9999,15.0,-9999.0,-9999.0,1,5.0,-9999.0,-9999.0,1,-9999.0,-9999.0,-9999.0,-9999,50.0,-9999.0,-9999.0,1,30.0,-9999.0,-9999.0,1,10.0,7.071067812,5.0,2,-9999.0,-9999.0,-9999.0,-9999,-9999,-9999,-9999,-9999,-9999,-9999,-9999,-9999,15.0,-9999.0,5.0,1,-9999.0,-9999.0,-9999.0,-9999,15.0,-9999.0,-9999.0,1,5.0,-9999.0,-9999.0,1,<2,<2
2019,2019-08-22,S1-2-20,S1,2,20,66.34017,-150.45985,591.0,0.339,2.438,55.0,-9999,20,Granite,E/NE,,Y,-9999.0,-9999.0,0.60741968,-9999,-9999.0,1,0.025813239,-9999,7.35e-05,1,6,31.40645791,-9999,-9999.0,1,-25.3525978,-9999,-9999.0,1,-1.47462765,-9999,0.60161845,1,0.095058132,-9999,-9999,1,0.223008352,-9999,-9999,1,0.2,0.284473247,0.369691176,0.187795991,5,0.005689465,0.00375592,20,0.002844732,0.00187796,20,-9999.0,0.019800287,0.77832079,2.0,-9999.0,-9999.0,1,12.5,3.535533906,2.5,2,10.0,7.071067812,5.0,2,-9999.0,-9999.0,-9999.0,-9999,47.5,3.535533906,2.5,2,30.0,0.0,0.0,2,6.75,5.678908346,2.839454173,4,-9999.0,-9999.0,-9999.0,-9999,-9999,-9999,-9999,-9999,-9999,-9999,-9999,-9999,10.0,7.071067812,5.640257086,2,-9999.0,-9999.0,-9999.0,-9999,8.5,9.192388155,6.5,2,5.0,0.0,0.0,2,<2,<2
2019,2019-08-22,S1-2-25,S1,2,25,66.34013,-150.45979,593.0,0.534,3.15,59.0,-9999,8,Granite,E/NE,,Y,-9999.0,-9999.0,-9999.0,-9999,-9999.0,-9999,-9999.0,-9999,-9999.0,-9999,-9999,-9999.0,-9999,-9999.0,-9999,-9999.0,-9999,-9999.0,-9999,-9999.0,-9999,-9999.0,-9999,-9999.0,-9999,-9999,-9999,-9999.0,-9999,-9999,-9999,0.3,0.121981672,0.096478043,0.146000065,2,0.000975853,0.001168001,8,0.000487927,0.000584,8,-9999.0,0.019800287,0.77832079,-9999.0,-9999.0,-9999.0,-9999,10.0,-9999.0,-9999.0,1,15.0,-9999.0,-9999.0,1,-9999.0,-9999.0,-9999.0,-9999,45.0,-9999.0,-9999.0,1,30.0,-9999.0,-9999.0,1,3.5,2.121320344,1.5,2,-9999.0,-9999.0,-9999.0,-9999,-9999,-9999,-9999,-9999,-9999,-9999,-9999,-9999,5.0,-9999.0,1.5,1,-9999.0,-9999.0,-9999.0,-9999,2.0,-9999.0,-9999.0,1,5.0,-9999.0,-9999.0,1,<2,<2
2019,2019-08-22,S1-2-30,S1,2,30,66.34009,-150.45973,592.0,0.546,3.199,38.0,-9999,4,Granite,E/NE,,Y,-9999.0,-9999.0,-9999.0,-9999,-9999.0,-9999,-9999.0,-9999,-9999.0,-9999,-9999,-9999.0,-9999,-9999.0,-9999,-9999.0,-9999,-9999.0,-9999,-9999.0,-9999,-9999.0,-9999,-9999.0,-9999,-9999,-9999,-9999.0,-9999,-9999,-9999,3.6,438.7467378,-9999.0,61.34401091,1,1.754986951,0.245376044,4,0.877493476,0.122688022,4,-9999.0,0.019800287,0.77832079,11.0,-9999.0,-9999.0,1,10.0,-9999.0,-9999.0,1,15.0,-9999.0,-9999.0,1,-9999.0,-9999.0,-9999.0,-9999,45.0,-9999.0,-9999.0,1,30.0,-9999.0,-9999.0,1,3.5,2.121320344,1.5,2,-9999.0,-9999.0,-9999.0,-9999,-9999,-9999,-9999,-9999,-9999,-9999,-9999,-9999,5.0,-9999.0,1.5,1,-9999.0,-9999.0,-9999.0,-9999,2.0,-9999.0,-9999.0,1,5.0,-9999.0,-9999.0,1,<2,<2
2019,2019-08-22,S1-3-0,S1,3,0,66.34051,-150.45921,585.0,0.171,1.9985,74.0,-9999,16,Granite,E/NE,,Y,-9999.0,-9999.0,0.548582654,-9999,0.006457587,1,0.030086179,-9999,0.000154724,1,0,16.86031877,-9999,0.155399404,1,-25.674692,-9999,0.1334984,1,2.24784595,-9999,0.24844415,1,1.662366095,-9999,-9999,1,0.386482026,-9999,-9999,1,1.0,404.2569533,507.4807616,50.06289511,4,6.468111253,0.801006322,16,3.234055627,0.400503161,16,-9999.0,0.019800287,0.77832079,11.0,-9999.0,-9999.0,1,20.0,-9999.0,-9999.0,1,25.0,-9999.0,-9999.0,1,-9999.0,-9999.0,-9999.0,-9999,40.0,-9999.0,-9999.0,1,15.0,-9999.0,-9999.0,1,27.5,31.81980515,22.5,2,-9999.0,-9999.0,-9999.0,-9999,2,-9999,-9999,1,-9999,-9999,-9999,-9999,50.0,-9999.0,22.5,1,5.0,-9999.0,-9999.0,1,50.0,-9999.0,-9999.0,1,-9999.0,-9999.0,-9999.0,-9999,>2,>2
2019,2019-08-22,S1-3-5,S1,3,5,66.34046,-150.45913,584.0,0.179,2.019,35.5,-9999,32,Granite,E/NE,,Y,-9999.0,-9999.0,-9999.0,-9999,-9999.0,-9999,-9999.0,-9999,-9999.0,-9999,-9999,-9999.0,-9999,-9999.0,-9999,-9999.0,-9999,-9999.0,-9999,-9999.0,-9999,-9999.0,-9999,-9999.0,-9999,-9999,-9999,-9999.0,-9999,-9999,-9999,2.5,31.42346693,54.72963958,2.88713183,8,1.005550942,0.092388219,32,0.502775471,0.046194109,32,-9999.0,0.019800287,0.77832079,-9999.0,-9999.0,-9999.0,-9999,20.0,-9999.0,-9999.0,1,25.0,-9999.0,-9999.0,1,-9999.0,-9999.0,-9999.0,-9999,40.0,-9999.0,-9999.0,1,15.0,-9999.0,-9999.0,1,27.5,31.81980515,22.5,2,-9999.0,-9999.0,-9999.0,-9999,2,-9999,-9999,1,-9999,-9999,-9999,-9999,50.0,-9999.0,22.5,1,5.0,-9999.0,-9999.0,1,50.0,-9999.0,-9999.0,1,-9999.0,-9999.0,-9999.0,-9999,>2,<2
2019,2019-08-22,S1-3-10,S1,3,10,66.34044,-150.45904,588.0,0.241,2.177,64.5,-9999,0,Granite,E/NE,,Y,-9999.0,-9999.0,0.684000789,-9999,0.00194293,1,0.029534915,-9999,0.000138034,1,8,32.1689914,-9999,-9999.0,1,-25.463769,-9999,-9999.0,1,1.4816202,-9999,0.033252,1,0.1355154,-9999,-9999,1,0.34635368,-9999,-9999,1,-9999.0,0.0,-9999.0,-9999.0,1,0.0,0.0,0,0.0,0.0,0,-9999.0,0.019800287,0.77832079,-9999.0,-9999.0,-9999.0,-9999,12.5,10.60660172,7.5,2,13.5,16.26345597,11.5,2,-9999.0,-9999.0,-9999.0,-9999,50.0,14.14213562,10.0,2,24.0,12.72792206,9.0,2,20.0,21.21320344,10.60660172,4,5.0,-9999.0,-9999.0,1,2,-9999,-9999,1,-9999,-9999,-9999,-9999,35.0,21.21320344,19.12132318,2,5.0,-9999.0,-9999.0,1,35.0,21.21320344,15.0,2,5.0,-9999.0,-9999.0,1,>2,<2
2019,2019-08-22,S1-3-15,S1,3,15,66.34039,-150.45898,585.0,0.423,2.699,92.0,-9999,20,Granite,E/NE,,Y,-9999.0,-9999.0,-9999.0,-9999,-9999.0,-9999,-9999.0,-9999,-9999.0,-9999,-9999,-9999.0,-9999,-9999.0,-9999,-9999.0,-9999,-9999.0,-9999,-9999.0,-9999,-9999.0,-9999,-9999.0,-9999,-9999,-9999,-9999.0,-9999,-9999,-9999,5.0,315.9498168,507.2509775,44.11542224,5,6.318996337,0.882308445,20,3.159498168,0.441154222,20,-9999.0,0.019800287,0.77832079,14.0,-9999.0,-9999.0,1,5.0,-9999.0,-9999.0,1,2.0,-9999.0,-9999.0,1,-9999.0,-9999.0,-9999.0,-9999,60.0,-9999.0,-9999.0,1,33.0,-9999.0,-9999.0,1,12.5,10.60660172,7.5,2,5.0,-9999.0,-9999.0,1,-9999,-9999,-9999,-9999,-9999,-9999,-9999,-9999,20.0,-9999.0,7.5,1,-9999.0,-9999.0,-9999.0,-9999,20.0,-9999.0,-9999.0,1,5.0,-9999.0,-9999.0,1,<2,>2
2019,2019-08-22,S1-3-20,S1,3,20,66.34034,-150.45893,588.0,0.468,2.873,110.0,-9999,0,Granite,E/NE,,Y,-9999.0,-9999.0,-9999.0,-9999,-9999.0,-9999,-9999.0,-9999,-9999.0,-9999,-9999,-9999.0,-9999,-9999.0,-9999,-9999.0,-9999,-9999.0,-9999,-9999.0,-9999,-9999.0,-9999,-9999.0,-9999,-9999,-9999,-9999.0,-9999,-9999,-9999,-9999.0,0.0,-9999.0,-9999.0,1,0.0,0.0,0,0.0,0.0,0,-9999.0,0.019800287,0.77832079,-9999.0,-9999.0,-9999.0,-9999,5.0,-9999.0,-9999.0,1,6.0,5.656854249,4.0,2,1.0,-9999.0,-9999.0,1,64.5,6.363961031,4.5,2,26.5,9.192388155,6.5,2,16.25,8.539125638,4.269562819,4,5.0,-9999.0,-9999.0,1,-9999,-9999,-9999,-9999,-9999,-9999,-9999,-9999,22.5,3.535533906,5.153882032,2,-9999.0,-9999.0,-9999.0,-9999,22.5,3.535533906,2.5,2,10.0,7.071067812,5.0,2,<2,<2
2019,2019-08-22,S1-3-25,S1,3,25,66.34032,-150.45887,586.0,-9999.0,-9999.0,-9999.0,-9999,0,Granite,E/NE,too shallow for VWR probe,Y,-9999.0,-9999.0,-9999.0,-9999,-9999.0,-9999,-9999.0,-9999,-9999.0,-9999,-9999,-9999.0,-9999,-9999.0,-9999,-9999.0,-9999,-9999.0,-9999,-9999.0,-9999,-9999.0,-9999,-9999.0,-9999,-9999,-9999,-9999.0,-9999,-9999,-9999,-9999.0,0.0,-9999.0,-9999.0,1,0.0,0.0,0,0.0,0.0,0,-9999.0,0.019800287,0.77832079,-9999.0,-9999.0,-9999.0,-9999,-9999.0,-9999.0,-9999.0,-9999,10.0,-9999.0,-9999.0,1,1.0,-9999.0,-9999.0,1,69.0,-9999.0,-9999.0,1,20.0,-9999.0,-9999.0,1,20.0,7.071067812,5.0,2,-9999.0,-9999.0,-9999.0,-9999,-9999,-9999,-9999,-9999,-9999,-9999,-9999,-9999,25.0,-9999.0,5.0,1,-9999.0,-9999.0,-9999.0,-9999,25.0,-9999.0,-9999.0,1,15.0,-9999.0,-9999.0,1,<2,<2
2019,2019-08-22,S1-3-30,S1,3,30,66.34027,-150.45879,586.0,0.499,3.002,52.0,-9999,8,Granite,E/NE,,Y,-9999.0,-9999.0,-9999.0,-9999,-9999.0,-9999,-9999.0,-9999,-9999.0,-9999,-9999,-9999.0,-9999,-9999.0,-9999,-9999.0,-9999,-9999.0,-9999,-9999.0,-9999,-9999.0,-9999,-9999.0,-9999,-9999,-9999,-9999.0,-9999,-9999,-9999,0.9,4.250714899,2.240581746,1.65098182,2,0.034005719,0.013207855,8,0.01700286,0.006603927,8,-9999.0,0.019800287,0.77832079,10.0,-9999.0,-9999.0,1,-9999.0,-9999.0,-9999.0,-9999,10.0,-9999.0,-9999.0,1,1.0,-9999.0,-9999.0,1,69.0,-9999.0,-9999.0,1,20.0,-9999.0,-9999.0,1,20.0,7.071067812,5.0,2,-9999.0,-9999.0,-9999.0,-9999,-9999,-9999,-9999,-9999,-9999,-9999,-9999,-9999,25.0,-9999.0,5.0,1,-9999.0,-9999.0,-9999.0,-9999,25.0,-9999.0,-9999.0,1,15.0,-9999.0,-9999.0,1,<2,<2
2019,2019-08-23,S2-1-0,S2,1,0,66.47894,-150.70199,610.0,0.519,3.091,60.0,-9999,44,Granite,E/NE,,N,-9999.0,-9999.0,2.173078637,-9999,0.007151931,1,0.0954741,-9999,0.001121364,1,21,23.86074626,-9999,-9999.0,1,-25.5685086,-9999,-9999.0,1,2.4505792,-9999,-9999.0,1,0.197155172,-9999,-9999,1,0.678300625,-9999,-9999,1,2.19,75.0429897,90.1260946,4.803338557,11,3.301891547,0.211346896,44,1.650945773,0.105673448,44,79.43833333,0.001618817,0.701118012,64.0,-9999.0,-9999.0,1,5.0,-9999.0,-9999.0,1,5.0,-9999.0,-9999.0,1,40.0,-9999.0,-9999.0,1,30.0,-9999.0,-9999.0,1,20.0,-9999.0,-9999.0,1,2.5,0.707106781,0.5,2,-9999.0,-9999.0,-9999.0,-9999,-9999,-9999,-9999,-9999,-9999,-9999,-9999,-9999,3.0,-9999.0,0.5,1,-9999.0,-9999.0,-9999.0,-9999,2.0,-9999.0,-9999.0,1,3.0,-9999.0,-9999.0,1,<2,>2
2019,2019-08-23,S2-1-5,S2,1,5,66.47889,-150.70193,607.0,0.601,3.389,55.0,-9999,0,Granite,E/NE,,N,-9999.0,-9999.0,-9999.0,-9999,-9999.0,-9999,-9999.0,-9999,-9999.0,-9999,-9999,-9999.0,-9999,-9999.0,-9999,-9999.0,-9999,-9999.0,-9999,-9999.0,-9999,-9999.0,-9999,-9999.0,-9999,-9999,-9999,-9999.0,-9999,-9999,-9999,-9999.0,0.0,-9999.0,-9999.0,1,0.0,0.0,0,0.0,0.0,0,79.43833333,0.001618817,0.701118012,-9999.0,-9999.0,-9999.0,-9999,5.0,-9999.0,-9999.0,1,5.0,-9999.0,-9999.0,1,40.0,-9999.0,-9999.0,1,30.0,-9999.0,-9999.0,1,20.0,-9999.0,-9999.0,1,2.5,0.707106781,0.5,2,-9999.0,-9999.0,-9999.0,-9999,-9999,-9999,-9999,-9999,-9999,-9999,-9999,-9999,3.0,-9999.0,0.5,1,-9999.0,-9999.0,-9999.0,-9999,2.0,-9999.0,-9999.0,1,3.0,-9999.0,-9999.0,1,<2,<2
2019,2019-08-23,S2-1-10,S2,1,10,66.47885,-150.70188,604.0,0.548,3.208,62.0,-9999,0,Granite,E/NE,,N,-9999.0,-9999.0,-9999.0,-9999,-9999.0,-9999,-9999.0,-9999,-9999.0,-9999,-9999,-9999.0,-9999,-9999.0,-9999,-9999.0,-9999,-9999.0,-9999,-9999.0,-9999,-9999.0,-9999,-9999.0,-9999,-9999,-9999,-9999.0,-9999,-9999,-9999,-9999.0,0.0,-9999.0,-9999.0,1,0.0,0.0,0,0.0,0.0,0,79.43833333,0.001618817,0.701118012,-9999.0,-9999.0,-9999.0,-9999,5.0,-9999.0,-9999.0,1,7.5,3.535533906,2.5,2,42.5,3.535533906,2.5,2,25.0,7.071067812,5.0,2,22.5,3.535533906,2.5,2,2.333333333,0.577350269,0.333333333,3,-9999.0,-9999.0,-9999.0,-9999,-9999,-9999,-9999,-9999,-9999,-9999,-9999,-9999,2.5,0.707106781,0.559016994,2,-9999.0,-9999.0,-9999.0,-9999,2.0,-9999.0,-9999.0,1,2.5,0.707106781,0.5,2,<2,<2
2019,2019-08-23,S2-1-15,S2,1,15,66.47881,-150.70189,607.0,0.506,3.034,65.0,-9999,0,Granite,E/NE,,N,-9999.0,-9999.0,-9999.0,-9999,-9999.0,-9999,-9999.0,-9999,-9999.0,-9999,-9999,-9999.0,-9999,-9999.0,-9999,-9999.0,-9999,-9999.0,-9999,-9999.0,-9999,-9999.0,-9999,-9999.0,-9999,-9999,-9999,-9999.0,-9999,-9999,-9999,-9999.0,0.0,-9999.0,-9999.0,1,0.0,0.0,0,0.0,0.0,0,79.43833333,0.001618817,0.701118012,-9999.0,-9999.0,-9999.0,-9999,-9999.0,-9999.0,-9999.0,-9999,10.0,-9999.0,-9999.0,1,45.0,-9999.0,-9999.0,1,20.0,-9999.0,-9999.0,1,25.0,-9999.0,-9999.0,1,2.0,-9999.0,-9999.0,1,-9999.0,-9999.0,-9999.0,-9999,-9999,-9999,-9999,-9999,-9999,-9999,-9999,-9999,2.0,-9999.0,-9999.0,1,-9999.0,-9999.0,-9999.0,-9999,-9999.0,-9999.0,-9999.0,-9999,2.0,-9999.0,-9999.0,1,<2,<2
2019,2019-08-23,S2-1-20,S2,1,20,66.47876,-150.70185,609.0,0.368,2.52,62.0,-9999,24,Granite,E/NE,,N,-9999.0,-9999.0,-9999.0,-9999,-9999.0,-9999,-9999.0,-9999,-9999.0,-9999,-9999,-9999.0,-9999,-9999.0,-9999,-9999.0,-9999,-9999.0,-9999,-9999.0,-9999,-9999.0,-9999,-9999.0,-9999,-9999,-9999,-9999.0,-9999,-9999,-9999,0.92,4.034649856,3.119928024,0.952297238,6,0.096831597,0.022855134,24,0.048415798,0.011427567,24,79.43833333,0.001618817,0.701118012,-9999.0,-9999.0,-9999.0,-9999,-9999.0,-9999.0,-9999.0,-9999,10.0,-9999.0,-9999.0,1,47.5,3.535533906,2.5,2,20.0,0.0,0.0,2,27.5,3.535533906,2.5,2,3.0,1.414213562,1.0,2,-9999.0,-9999.0,-9999.0,-9999,-9999,-9999,-9999,-9999,-9999,-9999,-9999,-9999,3.0,1.414213562,1.0,2,-9999.0,-9999.0,-9999.0,-9999,-9999.0,-9999.0,-9999.0,-9999,3.0,1.414213562,1.0,2,<2,<2
2019,2019-08-23,S2-1-25,S2,1,25,66.47873,-150.7018,607.0,0.449,2.799,55.0,-9999,20,Granite,E/NE,,N,-9999.0,-9999.0,-9999.0,-9999,-9999.0,-9999,-9999.0,-9999,-9999.0,-9999,-9999,-9999.0,-9999,-9999.0,-9999,-9999.0,-9999,-9999.0,-9999,-9999.0,-9999,-9999.0,-9999,-9999.0,-9999,-9999,-9999,-9999.0,-9999,-9999,-9999,0.44,57.24829943,110.3856647,6.732160593,5,1.144965989,0.134643212,20,0.572482994,0.067321606,20,79.43833333,0.001618817,0.701118012,24.0,-9999.0,-9999.0,1,-9999.0,-9999.0,-9999.0,-9999,-9999.0,-9999.0,-9999.0,-9999,50.0,-9999.0,-9999.0,1,20.0,-9999.0,-9999.0,1,30.0,-9999.0,-9999.0,1,4.0,-9999.0,-9999.0,1,-9999.0,-9999.0,-9999.0,-9999,-9999,-9999,-9999,-9999,-9999,-9999,-9999,-9999,4.0,-9999.0,-9999.0,1,-9999.0,-9999.0,-9999.0,-9999,-9999.0,-9999.0,-9999.0,-9999,4.0,-9999.0,-9999.0,1,<2,<2
2019,2019-08-23,S2-1-30,S2,1,30,66.47868,-150.70174,608.0,0.502,3.014,65.0,-9999,0,Granite,E/NE,,N,-9999.0,-9999.0,0.938160881,-9999,0.020717467,1,0.040415395,-9999,0.000850024,1,3,36.97129281,-9999,-9999.0,1,-26.7840975,-9999,-9999.0,1,-1.3755958,-9999,-9999.0,1,0.104267917,-9999,-9999,1,0.495025915,-9999,-9999,1,-9999.0,0.0,-9999.0,-9999.0,1,0.0,0.0,0,0.0,0.0,0,79.43833333,0.001618817,0.701118012,-9999.0,-9999.0,-9999.0,-9999,-9999.0,-9999.0,-9999.0,-9999,-9999.0,-9999.0,-9999.0,-9999,50.0,-9999.0,-9999.0,1,20.0,-9999.0,-9999.0,1,30.0,-9999.0,-9999.0,1,4.0,-9999.0,-9999.0,1,-9999.0,-9999.0,-9999.0,-9999,-9999,-9999,-9999,-9999,-9999,-9999,-9999,-9999,4.0,-9999.0,-9999.0,1,-9999.0,-9999.0,-9999.0,-9999,-9999.0,-9999.0,-9999.0,-9999,4.0,-9999.0,-9999.0,1,<2,<2
2019,2019-08-23,S2-2-0,S2,2,0,66.47898,-150.70172,606.0,0.455,2.818,66.0,-9999,8,Granite,E/NE,,N,-9999.0,-9999.0,0.807115043,-9999,0.000980398,1,0.038627619,-9999,0.000294346,1,7,23.99029406,-9999,0.407671027,1,-25.8600969,-9999,0.3394876,1,-0.3215035,-9999,0.0153475,1,0.125812234,-9999,-9999,1,0.514596707,-9999,-9999,1,2.18,58.85019569,46.75016346,7.264163605,2,0.470801565,0.058113309,8,0.235400783,0.029056654,8,79.43833333,0.001618817,0.701118012,44.0,-9999.0,-9999.0,1,-9999.0,-9999.0,-9999.0,-9999,-9999.0,-9999.0,-9999.0,-9999,50.0,-9999.0,-9999.0,1,20.0,-9999.0,-9999.0,1,30.0,-9999.0,-9999.0,1,-9999.0,-9999.0,-9999.0,-9999,-9999.0,-9999.0,-9999.0,-9999,-9999,-9999,-9999,-9999,-9999,-9999,-9999,-9999,-9999.0,-9999.0,-9999.0,-9999,-9999.0,-9999.0,-9999.0,-9999,-9999.0,-9999.0,-9999.0,-9999,-9999.0,-9999.0,-9999.0,-9999,<2,<2
2019,2019-08-23,S2-2-5,S2,2,5,66.47895,-150.70171,606.0,0.435,2.743,63.0,-9999,0,Granite,E/NE,,N,-9999.0,-9999.0,-9999.0,-9999,-9999.0,-9999,-9999.0,-9999,-9999.0,-9999,-9999,-9999.0,-9999,-9999.0,-9999,-9999.0,-9999,-9999.0,-9999,-9999.0,-9999,-9999.0,-9999,-9999.0,-9999,-9999,-9999,-9999.0,-9999,-9999,-9999,-9999.0,0.0,-9999.0,-9999.0,1,0.0,0.0,0,0.0,0.0,0,79.43833333,0.001618817,0.701118012,-9999.0,-9999.0,-9999.0,-9999,-9999.0,-9999.0,-9999.0,-9999,-9999.0,-9999.0,-9999.0,-9999,50.0,-9999.0,-9999.0,1,20.0,-9999.0,-9999.0,1,30.0,-9999.0,-9999.0,1,-9999.0,-9999.0,-9999.0,-9999,-9999.0,-9999.0,-9999.0,-9999,-9999,-9999,-9999,-9999,-9999,-9999,-9999,-9999,-9999.0,-9999.0,-9999.0,-9999,-9999.0,-9999.0,-9999.0,-9999,-9999.0,-9999.0,-9999.0,-9999,-9999.0,-9999.0,-9999.0,-9999,<2,<2
2019,2019-08-23,S2-2-10,S2,2,10,66.4789,-150.70165,607.0,0.477,2.906,57.0,-9999,0,Granite,E/NE,,N,-9999.0,-9999.0,-9999.0,-9999,-9999.0,-9999,-9999.0,-9999,-9999.0,-9999,-9999,-9999.0,-9999,-9999.0,-9999,-9999.0,-9999,-9999.0,-9999,-9999.0,-9999,-9999.0,-9999,-9999.0,-9999,-9999,-9999,-9999.0,-9999,-9999,-9999,-9999.0,0.0,-9999.0,-9999.0,1,0.0,0.0,0,0.0,0.0,0,79.43833333,0.001618817,0.701118012,-9999.0,-9999.0,-9999.0,-9999,-9999.0,-9999.0,-9999.0,-9999,20.0,-9999.0,-9999.0,1,40.0,14.14213562,10.0,2,22.5,3.535533906,2.5,2,27.5,3.535533906,2.5,2,10.0,-9999.0,-9999.0,1,-9999.0,-9999.0,-9999.0,-9999,-9999,-9999,-9999,-9999,-9999,-9999,-9999,-9999,10.0,-9999.0,-9999.0,1,-9999.0,-9999.0,-9999.0,-9999,-9999.0,-9999.0,-9999.0,-9999,10.0,-9999.0,-9999.0,1,<2,<2
2019,2019-08-23,S2-2-15,S2,2,15,66.47886,-150.7016,607.0,0.455,2.819,52.0,-9999,0,Granite,E/NE,,N,-9999.0,-9999.0,-9999.0,-9999,-9999.0,-9999,-9999.0,-9999,-9999.0,-9999,-9999,-9999.0,-9999,-9999.0,-9999,-9999.0,-9999,-9999.0,-9999,-9999.0,-9999,-9999.0,-9999,-9999.0,-9999,-9999,-9999,-9999.0,-9999,-9999,-9999,-9999.0,0.0,-9999.0,-9999.0,1,0.0,0.0,0,0.0,0.0,0,79.43833333,0.001618817,0.701118012,-9999.0,-9999.0,-9999.0,-9999,-9999.0,-9999.0,-9999.0,-9999,20.0,-9999.0,-9999.0,1,30.0,-9999.0,-9999.0,1,25.0,-9999.0,-9999.0,1,25.0,-9999.0,-9999.0,1,10.0,-9999.0,-9999.0,1,-9999.0,-9999.0,-9999.0,-9999,-9999,-9999,-9999,-9999,-9999,-9999,-9999,-9999,10.0,-9999.0,-9999.0,1,-9999.0,-9999.0,-9999.0,-9999,-9999.0,-9999.0,-9999.0,-9999,10.0,-9999.0,-9999.0,1,<2,<2
2019,2019-08-23,S2-2-20,S2,2,20,66.47882,-150.70154,608.0,0.461,2.843,79.0,-9999,0,Granite,E/NE,,N,-9999.0,-9999.0,1.058451503,-9999,-9999.0,1,0.043207229,-9999,-9999.0,1,14,21.5748273,-9999,-9999.0,1,-25.3247964,-9999,-9999.0,1,2.615475,-9999,-9999.0,1,0.170216552,-9999,-9999,1,0.535647643,-9999,-9999,1,-9999.0,0.0,-9999.0,-9999.0,1,0.0,0.0,0,0.0,0.0,0,79.43833333,0.001618817,0.701118012,-9999.0,-9999.0,-9999.0,-9999,-9999.0,-9999.0,-9999.0,-9999,12.5,10.60660172,7.5,2,35.0,7.071067812,5.0,2,25.0,0.0,0.0,2,27.5,3.535533906,2.5,2,10.0,0.0,0.0,2,-9999.0,-9999.0,-9999.0,-9999,-9999,-9999,-9999,-9999,-9999,-9999,-9999,-9999,10.0,0.0,0.0,2,-9999.0,-9999.0,-9999.0,-9999,-9999.0,-9999.0,-9999.0,-9999,10.0,0.0,0.0,2,<2,<2
2019,2019-08-23,S2-2-25,S2,2,25,66.47877,-150.70146,606.0,0.334,2.421,55.0,-9999,24,Granite,E/NE,,N,-9999.0,-9999.0,-9999.0,-9999,-9999.0,-9999,-9999.0,-9999,-9999.0,-9999,-9999,-9999.0,-9999,-9999.0,-9999,-9999.0,-9999,-9999.0,-9999,-9999.0,-9999,-9999.0,-9999,-9999.0,-9999,-9999,-9999,-9999.0,-9999,-9999,-9999,1.08,8.657583801,6.482889319,1.488052299,6,0.207782011,0.035713255,24,0.103891006,0.017856628,24,79.43833333,0.001618817,0.701118012,26.5,17.67766953,12.5,2,-9999.0,-9999.0,-9999.0,-9999,5.0,-9999.0,-9999.0,1,40.0,-9999.0,-9999.0,1,25.0,-9999.0,-9999.0,1,30.0,-9999.0,-9999.0,1,10.0,-9999.0,-9999.0,1,-9999.0,-9999.0,-9999.0,-9999,-9999,-9999,-9999,-9999,-9999,-9999,-9999,-9999,10.0,-9999.0,-9999.0,1,-9999.0,-9999.0,-9999.0,-9999,-9999.0,-9999.0,-9999.0,-9999,10.0,-9999.0,-9999.0,1,<2,<2
2019,2019-08-23,S2-2-30,S2,2,30,66.47873,-150.70144,606.0,0.42,2.691,65.0,-9999,28,Granite,E/NE,,N,-9999.0,-9999.0,-9999.0,-9999,-9999.0,-9999,-9999.0,-9999,-9999.0,-9999,-9999,-9999.0,-9999,-9999.0,-9999,-9999.0,-9999,-9999.0,-9999,-9999.0,-9999,-9999.0,-9999,-9999.0,-9999,-9999,-9999,-9999.0,-9999,-9999,-9999,1.14,4.251470456,5.385370388,0.945519381,7,0.119041173,0.026474543,28,0.059520586,0.013237271,28,79.43833333,0.001618817,0.701118012,-9999.0,-9999.0,-9999.0,-9999,-9999.0,-9999.0,-9999.0,-9999,5.0,-9999.0,-9999.0,1,40.0,-9999.0,-9999.0,1,25.0,-9999.0,-9999.0,1,30.0,-9999.0,-9999.0,1,10.0,-9999.0,-9999.0,1,-9999.0,-9999.0,-9999.0,-9999,-9999,-9999,-9999,-9999,-9999,-9999,-9999,-9999,10.0,-9999.0,-9999.0,1,-9999.0,-9999.0,-9999.0,-9999,-9999.0,-9999.0,-9999.0,-9999,10.0,-9999.0,-9999.0,1,<2,<2
2019,2019-08-23,S2-3-0,S2,3,0,66.47903,-150.70155,600.0,0.568,3.285,61.0,-9999,28,Granite,E/NE,,N,-9999.0,-9999.0,-9999.0,-9999,-9999.0,-9999,-9999.0,-9999,-9999.0,-9999,-9999,-9999.0,-9999,-9999.0,-9999,-9999.0,-9999,-9999.0,-9999,-9999.0,-9999,-9999.0,-9999,-9999.0,-9999,-9999,-9999,-9999.0,-9999,-9999,-9999,0.76,3.003407325,2.43073635,0.47256929,17,0.204231698,0.032134712,68,0.102115849,0.016067356,68,79.43833333,0.001618817,0.701118012,41.0,-9999.0,-9999.0,1,-9999.0,-9999.0,-9999.0,-9999,5.0,-9999.0,-9999.0,1,50.0,-9999.0,-9999.0,1,20.0,-9999.0,-9999.0,1,25.0,-9999.0,-9999.0,1,2.0,-9999.0,-9999.0,1,-9999.0,-9999.0,-9999.0,-9999,-9999,-9999,-9999,-9999,-9999,-9999,-9999,-9999,2.0,-9999.0,-9999.0,1,-9999.0,-9999.0,-9999.0,-9999,-9999.0,-9999.0,-9999.0,-9999,2.0,-9999.0,-9999.0,1,<2,<2
2019,2019-08-23,S2-3-5,S2,3,5,66.479,-150.70146,601.0,0.159,1.97,63.0,-9999,0,Granite,E/NE,,N,-9999.0,-9999.0,-9999.0,-9999,-9999.0,-9999,-9999.0,-9999,-9999.0,-9999,-9999,-9999.0,-9999,-9999.0,-9999,-9999.0,-9999,-9999.0,-9999,-9999.0,-9999,-9999.0,-9999,-9999.0,-9999,-9999,-9999,-9999.0,-9999,-9999,-9999,-9999.0,0.0,-9999.0,-9999.0,1,0.0,0.0,0,0.0,0.0,0,79.43833333,0.001618817,0.701118012,-9999.0,-9999.0,-9999.0,-9999,-9999.0,-9999.0,-9999.0,-9999,5.0,-9999.0,-9999.0,1,50.0,-9999.0,-9999.0,1,20.0,-9999.0,-9999.0,1,25.0,-9999.0,-9999.0,1,2.0,-9999.0,-9999.0,1,-9999.0,-9999.0,-9999.0,-9999,-9999,-9999,-9999,-9999,-9999,-9999,-9999,-9999,2.0,-9999.0,-9999.0,1,-9999.0,-9999.0,-9999.0,-9999,-9999.0,-9999.0,-9999.0,-9999,2.0,-9999.0,-9999.0,1,<2,<2
2019,2019-08-23,S2-3-10,S2,3,10,66.47896,-150.70139,602.0,0.308,2.352,68.0,-9999,0,Granite,E/NE,,N,-9999.0,-9999.0,-9999.0,-9999,-9999.0,-9999,-9999.0,-9999,-9999.0,-9999,-9999,-9999.0,-9999,-9999.0,-9999,-9999.0,-9999,-9999.0,-9999,-9999.0,-9999,-9999.0,-9999,-9999.0,-9999,-9999,-9999,-9999.0,-9999,-9999,-9999,-9999.0,0.0,-9999.0,-9999.0,1,0.0,0.0,0,0.0,0.0,0,79.43833333,0.001618817,0.701118012,-9999.0,-9999.0,-9999.0,-9999,-9999.0,-9999.0,-9999.0,-9999,5.0,0.0,0.0,2,52.5,3.535533906,2.5,2,20.0,0.0,0.0,2,22.5,3.535533906,2.5,2,3.5,2.121320344,1.5,2,-9999.0,-9999.0,-9999.0,-9999,-9999,-9999,-9999,-9999,-9999,-9999,-9999,-9999,3.5,2.121320344,1.5,2,-9999.0,-9999.0,-9999.0,-9999,-9999.0,-9999.0,-9999.0,-9999,3.5,2.121320344,1.5,2,<2,<2
2019,2019-08-23,S2-3-15,S2,3,15,66.47893,-150.70128,603.0,0.233,2.155,87.0,-9999,0,Granite,E/NE,,N,-9999.0,-9999.0,-9999.0,-9999,-9999.0,-9999,-9999.0,-9999,-9999.0,-9999,-9999,-9999.0,-9999,-9999.0,-9999,-9999.0,-9999,-9999.0,-9999,-9999.0,-9999,-9999.0,-9999,-9999.0,-9999,-9999,-9999,-9999.0,-9999,-9999,-9999,-9999.0,0.0,-9999.0,-9999.0,1,0.0,0.0,0,0.0,0.0,0,79.43833333,0.001618817,0.701118012,-9999.0,-9999.0,-9999.0,-9999,-9999.0,-9999.0,-9999.0,-9999,5.0,-9999.0,-9999.0,1,55.0,-9999.0,-9999.0,1,20.0,-9999.0,-9999.0,1,20.0,-9999.0,-9999.0,1,5.0,-9999.0,-9999.0,1,-9999.0,-9999.0,-9999.0,-9999,-9999,-9999,-9999,-9999,-9999,-9999,-9999,-9999,5.0,-9999.0,-9999.0,1,-9999.0,-9999.0,-9999.0,-9999,-9999.0,-9999.0,-9999.0,-9999,5.0,-9999.0,-9999.0,1,<2,<2
2019,2019-08-23,S2-3-20,S2,3,20,66.4789,-150.70121,603.0,0.407,2.647,88.0,-9999,0,Granite,E/NE,,N,-9999.0,-9999.0,-9999.0,-9999,-9999.0,-9999,-9999.0,-9999,-9999.0,-9999,-9999,-9999.0,-9999,-9999.0,-9999,-9999.0,-9999,-9999.0,-9999,-9999.0,-9999,-9999.0,-9999,-9999.0,-9999,-9999,-9999,-9999.0,-9999,-9999,-9999,-9999.0,0.0,-9999.0,-9999.0,1,0.0,0.0,0,0.0,0.0,0,79.43833333,0.001618817,0.701118012,-9999.0,-9999.0,-9999.0,-9999,-9999.0,-9999.0,-9999.0,-9999,5.0,-9999.0,-9999.0,1,52.5,3.535533906,2.5,2,20.0,0.0,0.0,2,25.0,7.071067812,5.0,2,3.0,2.828427125,2.0,2,-9999.0,-9999.0,-9999.0,-9999,-9999,-9999,-9999,-9999,-9999,-9999,-9999,-9999,3.0,2.828427125,2.0,2,-9999.0,-9999.0,-9999.0,-9999,-9999.0,-9999.0,-9999.0,-9999,3.0,2.828427125,2.0,2,<2,<2
2019,2019-08-23,S2-3-25,S2,3,25,66.47885,-150.70113,603.0,0.142,1.928,77.0,-9999,0,Granite,E/NE,,N,-9999.0,-9999.0,-9999.0,-9999,-9999.0,-9999,-9999.0,-9999,-9999.0,-9999,-9999,-9999.0,-9999,-9999.0,-9999,-9999.0,-9999,-9999.0,-9999,-9999.0,-9999,-9999.0,-9999,-9999.0,-9999,-9999,-9999,-9999.0,-9999,-9999,-9999,-9999.0,0.0,-9999.0,-9999.0,1,0.0,0.0,0,0.0,0.0,0,79.43833333,0.001618817,0.701118012,-9999.0,-9999.0,-9999.0,-9999,-9999.0,-9999.0,-9999.0,-9999,-9999.0,-9999.0,-9999.0,-9999,50.0,-9999.0,-9999.0,1,20.0,-9999.0,-9999.0,1,30.0,-9999.0,-9999.0,1,1.0,-9999.0,-9999.0,1,-9999.0,-9999.0,-9999.0,-9999,-9999,-9999,-9999,-9999,-9999,-9999,-9999,-9999,1.0,-9999.0,-9999.0,1,-9999.0,-9999.0,-9999.0,-9999,-9999.0,-9999.0,-9999.0,-9999,1.0,-9999.0,-9999.0,1,<2,<2
2019,2019-08-23,S2-3-30,S2,3,30,66.47883,-150.70106,602.0,0.369,2.525,84.0,-9999,0,Granite,E/NE,,N,-9999.0,-9999.0,-9999.0,-9999,-9999.0,-9999,-9999.0,-9999,-9999.0,-9999,-9999,-9999.0,-9999,-9999.0,-9999,-9999.0,-9999,-9999.0,-9999,-9999.0,-9999,-9999.0,-9999,-9999.0,-9999,-9999,-9999,-9999.0,-9999,-9999,-9999,-9999.0,0.0,-9999.0,-9999.0,1,0.0,0.0,0,0.0,0.0,0,79.43833333,0.001618817,0.701118012,-9999.0,-9999.0,-9999.0,-9999,-9999.0,-9999.0,-9999.0,-9999,-9999.0,-9999.0,-9999.0,-9999,50.0,-9999.0,-9999.0,1,20.0,-9999.0,-9999.0,1,30.0,-9999.0,-9999.0,1,1.0,-9999.0,-9999.0,1,-9999.0,-9999.0,-9999.0,-9999,-9999,-9999,-9999,-9999,-9999,-9999,-9999,-9999,1.0,-9999.0,-9999.0,1,-9999.0,-9999.0,-9999.0,-9999,-9999.0,-9999.0,-9999.0,-9999,1.0,-9999.0,-9999.0,1,<2,<2
2019,2019-08-23,S3-1-0,S3,1,0,66.38076,-150.51268,445.0,0.347,2.461,67.0,-9999,44,Granite,E/NE,,Y,-9999.0,-9999.0,0.76642288,-9999,0.001354803,1,0.034045513,-9999,0.000201508,1,11,23.68058489,-9999,-9999.0,1,-27.4795689,-9999,-9999.0,1,-0.4731122,-9999,-9999.0,1,0.112490939,-9999,-9999,1,0.517310304,-9999,-9999,1,1.5,20.88456343,24.258947,1.771714623,11,0.918920791,0.077955443,44,0.459460396,0.038977722,44,116.944,0.007666223,0.740986276,36.0,-9999.0,-9999.0,1,-9999.0,-9999.0,-9999.0,-9999,-9999.0,-9999.0,-9999.0,-9999,50.0,-9999.0,-9999.0,1,20.0,-9999.0,-9999.0,1,30.0,-9999.0,-9999.0,1,3.0,2.828427125,2.0,2,-9999.0,-9999.0,-9999.0,-9999,-9999,-9999,-9999,-9999,-9999,-9999,-9999,-9999,5.0,-9999.0,2.0,1,-9999.0,-9999.0,-9999.0,-9999,1.0,-9999.0,-9999.0,1,5.0,-9999.0,-9999.0,1,<2,<2
2019,2019-08-23,S3-1-5,S3,1,5,66.38071,-150.51262,442.0,0.216,2.114,70.0,-9999,0,Granite,E/NE,,Y,-9999.0,-9999.0,-9999.0,-9999,-9999.0,-9999,-9999.0,-9999,-9999.0,-9999,-9999,-9999.0,-9999,-9999.0,-9999,-9999.0,-9999,-9999.0,-9999,-9999.0,-9999,-9999.0,-9999,-9999.0,-9999,-9999,-9999,-9999.0,-9999,-9999,-9999,-9999.0,0.0,-9999.0,-9999.0,1,0.0,0.0,0,0.0,0.0,0,116.944,0.007666223,0.740986276,-9999.0,-9999.0,-9999.0,-9999,-9999.0,-9999.0,-9999.0,-9999,-9999.0,-9999.0,-9999.0,-9999,50.0,-9999.0,-9999.0,1,20.0,-9999.0,-9999.0,1,30.0,-9999.0,-9999.0,1,3.0,2.828427125,2.0,2,-9999.0,-9999.0,-9999.0,-9999,-9999,-9999,-9999,-9999,-9999,-9999,-9999,-9999,5.0,-9999.0,2.0,1,-9999.0,-9999.0,-9999.0,-9999,1.0,-9999.0,-9999.0,1,5.0,-9999.0,-9999.0,1,<2,<2
2019,2019-08-23,S3-1-10,S3,1,10,66.3807,-150.51252,443.0,0.465,2.857,58.0,-9999,20,Granite,E/NE,,Y,-9999.0,-9999.0,-9999.0,-9999,-9999.0,-9999,-9999.0,-9999,-9999.0,-9999,-9999,-9999.0,-9999,-9999.0,-9999,-9999.0,-9999,-9999.0,-9999,-9999.0,-9999,-9999.0,-9999,-9999.0,-9999,-9999,-9999,-9999.0,-9999,-9999,-9999,1.25,22.83013476,18.92457637,2.709115701,5,0.456602695,0.054182314,20,0.228301348,0.027091157,20,116.944,0.007666223,0.740986276,-9999.0,-9999.0,-9999.0,-9999,-9999.0,-9999.0,-9999.0,-9999,5.0,-9999.0,-9999.0,1,32.5,24.74873734,17.5,2,35.0,21.21320344,15.0,2,30.0,0.0,0.0,2,2.333333333,2.309401077,1.333333333,3,-9999.0,-9999.0,-9999.0,-9999,-9999,-9999,-9999,-9999,-9999,-9999,-9999,-9999,3.0,2.828427125,2.236067977,2,-9999.0,-9999.0,-9999.0,-9999,1.0,0.0,0.0,2,5.0,-9999.0,-9999.0,1,<2,<2
2019,2019-08-23,S3-1-15,S3,1,15,66.38067,-150.51242,445.0,0.442,2.77,44.0,-9999,0,Granite,E/NE,,Y,-9999.0,-9999.0,-9999.0,-9999,-9999.0,-9999,-9999.0,-9999,-9999.0,-9999,-9999,-9999.0,-9999,-9999.0,-9999,-9999.0,-9999,-9999.0,-9999,-9999.0,-9999,-9999.0,-9999,-9999.0,-9999,-9999,-9999,-9999.0,-9999,-9999,-9999,-9999.0,0.0,-9999.0,-9999.0,1,0.0,0.0,0,0.0,0.0,0,116.944,0.007666223,0.740986276,-9999.0,-9999.0,-9999.0,-9999,-9999.0,-9999.0,-9999.0,-9999,5.0,-9999.0,-9999.0,1,15.0,-9999.0,-9999.0,1,50.0,-9999.0,-9999.0,1,30.0,-9999.0,-9999.0,1,1.0,-9999.0,-9999.0,1,-9999.0,-9999.0,-9999.0,-9999,-9999,-9999,-9999,-9999,-9999,-9999,-9999,-9999,1.0,-9999.0,-9999.0,1,-9999.0,-9999.0,-9999.0,-9999,1.0,-9999.0,-9999.0,1,-9999.0,-9999.0,-9999.0,-9999,<2,<2
2019,2019-08-23,S3-1-20,S3,1,20,66.38065,-150.51231,442.0,0.499,3.001,72.0,-9999,16,Granite,E/NE,,Y,-9999.0,-9999.0,1.813926714,-9999,-9999.0,1,0.081746157,-9999,0.0016026,1,12,23.09186558,-9999,-9999.0,1,-26.0143236,-9999,-9999.0,1,0.4708422,-9999,-9999.0,1,0.136337702,-9999,-9999,1,0.481046778,-9999,-9999,1,0.51,4.095213351,6.322014267,1.21667231,4,0.065523414,0.019466757,16,0.032761707,0.009733378,16,116.944,0.007666223,0.740986276,14.0,-9999.0,-9999.0,1,-9999.0,-9999.0,-9999.0,-9999,5.0,0.0,0.0,2,15.0,-9999.0,-9999.0,1,60.0,14.14213562,10.0,2,27.5,3.535533906,2.5,2,1.0,0.0,0.0,2,-9999.0,-9999.0,-9999.0,-9999,-9999,-9999,-9999,-9999,-9999,-9999,-9999,-9999,1.0,0.0,0.0,2,-9999.0,-9999.0,-9999.0,-9999,1.0,0.0,0.0,2,-9999.0,-9999.0,-9999.0,-9999,<2,<2
2019,2019-08-23,S3-1-25,S3,1,25,66.38063,-150.51224,441.0,0.318,2.379,110.0,-9999,0,Granite,E/NE,,Y,-9999.0,-9999.0,-9999.0,-9999,-9999.0,-9999,-9999.0,-9999,-9999.0,-9999,-9999,-9999.0,-9999,-9999.0,-9999,-9999.0,-9999,-9999.0,-9999,-9999.0,-9999,-9999.0,-9999,-9999.0,-9999,-9999,-9999,-9999.0,-9999,-9999,-9999,-9999.0,0.0,-9999.0,-9999.0,1,0.0,0.0,0,0.0,0.0,0,116.944,0.007666223,0.740986276,-9999.0,-9999.0,-9999.0,-9999,-9999.0,-9999.0,-9999.0,-9999,5.0,-9999.0,-9999.0,1,-9999.0,-9999.0,-9999.0,-9999,70.0,-9999.0,-9999.0,1,25.0,-9999.0,-9999.0,1,1.0,-9999.0,-9999.0,1,-9999.0,-9999.0,-9999.0,-9999,-9999,-9999,-9999,-9999,-9999,-9999,-9999,-9999,1.0,-9999.0,-9999.0,1,-9999.0,-9999.0,-9999.0,-9999,1.0,-9999.0,-9999.0,1,-9999.0,-9999.0,-9999.0,-9999,<2,<2
2019,2019-08-23,S3-1-30,S3,1,30,66.38063,-150.51221,440.0,0.397,2.614,110.0,-9999,12,Granite,E/NE,,Y,-9999.0,-9999.0,-9999.0,-9999,-9999.0,-9999,-9999.0,-9999,-9999.0,-9999,-9999,-9999.0,-9999,-9999.0,-9999,-9999.0,-9999,-9999.0,-9999,-9999.0,-9999,-9999.0,-9999,-9999.0,-9999,-9999,-9999,-9999.0,-9999,-9999,-9999,1.46,22.66101856,20.24690738,3.484788735,3,0.271932223,0.041817465,12,0.135966111,0.020908732,12,116.944,0.007666223,0.740986276,10.0,-9999.0,-9999.0,1,-9999.0,-9999.0,-9999.0,-9999,5.0,-9999.0,-9999.0,1,-9999.0,-9999.0,-9999.0,-9999,70.0,-9999.0,-9999.0,1,25.0,-9999.0,-9999.0,1,1.0,-9999.0,-9999.0,1,-9999.0,-9999.0,-9999.0,-9999,-9999,-9999,-9999,-9999,-9999,-9999,-9999,-9999,1.0,-9999.0,-9999.0,1,-9999.0,-9999.0,-9999.0,-9999,1.0,-9999.0,-9999.0,1,-9999.0,-9999.0,-9999.0,-9999,<2,<2
2019,2019-08-23,S3-2-0,S3,2,0,66.38089,-150.51256,440.0,0.335,2.424,53.0,-9999,28,Granite,E/NE,,Y,-9999.0,-9999.0,-9999.0,-9999,-9999.0,-9999,-9999.0,-9999,-9999.0,-9999,-9999,-9999.0,-9999,-9999.0,-9999,-9999.0,-9999,-9999.0,-9999,-9999.0,-9999,-9999.0,-9999,-9999.0,-9999,-9999,-9999,-9999.0,-9999,-9999,-9999,0.82,49.79609658,46.60995382,3.645221446,7,1.394290704,0.1020662,28,0.697145352,0.0510331,28,116.944,0.007666223,0.740986276,29.0,-9999.0,-9999.0,1,-9999.0,-9999.0,-9999.0,-9999,5.0,-9999.0,-9999.0,1,15.0,-9999.0,-9999.0,1,40.0,-9999.0,-9999.0,1,40.0,-9999.0,-9999.0,1,1.5,0.707106781,0.5,2,-9999.0,-9999.0,-9999.0,-9999,-9999,-9999,-9999,-9999,-9999,-9999,-9999,-9999,2.0,-9999.0,0.5,1,-9999.0,-9999.0,-9999.0,-9999,1.0,-9999.0,-9999.0,1,2.0,-9999.0,-9999.0,1,<2,<2
2019,2019-08-23,S3-2-5,S3,2,5,66.38086,-150.51243,439.0,0.459,2.834,45.0,-9999,0,Granite,E/NE,,Y,-9999.0,-9999.0,-9999.0,-9999,-9999.0,-9999,-9999.0,-9999,-9999.0,-9999,-9999,-9999.0,-9999,-9999.0,-9999,-9999.0,-9999,-9999.0,-9999,-9999.0,-9999,-9999.0,-9999,-9999.0,-9999,-9999,-9999,-9999.0,-9999,-9999,-9999,-9999.0,0.0,-9999.0,-9999.0,1,0.0,0.0,0,0.0,0.0,0,116.944,0.007666223,0.740986276,-9999.0,-9999.0,-9999.0,-9999,-9999.0,-9999.0,-9999.0,-9999,5.0,-9999.0,-9999.0,1,15.0,-9999.0,-9999.0,1,40.0,-9999.0,-9999.0,1,40.0,-9999.0,-9999.0,1,1.5,0.707106781,0.5,2,-9999.0,-9999.0,-9999.0,-9999,-9999,-9999,-9999,-9999,-9999,-9999,-9999,-9999,2.0,-9999.0,0.5,1,-9999.0,-9999.0,-9999.0,-9999,1.0,-9999.0,-9999.0,1,2.0,-9999.0,-9999.0,1,<2,<2
2019,2019-08-23,S3-2-10,S3,2,10,66.38088,-150.51231,441.0,0.503,3.02,54.0,-9999,0,Granite,E/NE,,Y,-9999.0,-9999.0,0.495880056,-9999,-9999.0,1,0.020968402,-9999,-9999.0,1,8,25.69015745,-9999,-9999.0,1,-26.2669521,-9999,-9999.0,1,0.7315158,-9999,-9999.0,1,0.16577612,-9999,-9999,1,0.579821716,-9999,-9999,1,-9999.0,0.0,-9999.0,-9999.0,1,0.0,0.0,0,0.0,0.0,0,116.944,0.007666223,0.740986276,-9999.0,-9999.0,-9999.0,-9999,-9999.0,-9999.0,-9999.0,-9999,10.0,7.071067812,5.0,2,20.0,7.071067812,5.0,2,30.0,14.14213562,10.0,2,40.0,0.0,0.0,2,1.5,0.577350269,0.288675135,4,-9999.0,-9999.0,-9999.0,-9999,-9999,-9999,-9999,-9999,-9999,-9999,-9999,-9999,2.0,0.0,0.353553391,2,-9999.0,-9999.0,-9999.0,-9999,1.5,0.707106781,0.5,2,1.5,0.707106781,0.5,2,<2,<2
2019,2019-08-23,S3-2-15,S3,2,15,66.38084,-150.51224,438.0,0.481,2.925,44.0,-9999,0,Granite,E/NE,,Y,-9999.0,-9999.0,-9999.0,-9999,-9999.0,-9999,-9999.0,-9999,-9999.0,-9999,-9999,-9999.0,-9999,-9999.0,-9999,-9999.0,-9999,-9999.0,-9999,-9999.0,-9999,-9999.0,-9999,-9999.0,-9999,-9999,-9999,-9999.0,-9999,-9999,-9999,-9999.0,0.0,-9999.0,-9999.0,1,0.0,0.0,0,0.0,0.0,0,116.944,0.007666223,0.740986276,-9999.0,-9999.0,-9999.0,-9999,-9999.0,-9999.0,-9999.0,-9999,15.0,-9999.0,-9999.0,1,25.0,-9999.0,-9999.0,1,20.0,-9999.0,-9999.0,1,40.0,-9999.0,-9999.0,1,1.5,0.707106781,0.5,2,-9999.0,-9999.0,-9999.0,-9999,-9999,-9999,-9999,-9999,-9999,-9999,-9999,-9999,2.0,-9999.0,0.5,1,-9999.0,-9999.0,-9999.0,-9999,2.0,-9999.0,-9999.0,1,1.0,-9999.0,-9999.0,1,<2,<2
2019,2019-08-23,S3-2-20,S3,2,20,66.38082,-150.51215,436.0,0.521,3.098,74.0,-9999,0,Granite,E/NE,,Y,-9999.0,-9999.0,-9999.0,-9999,-9999.0,-9999,-9999.0,-9999,-9999.0,-9999,-9999,-9999.0,-9999,-9999.0,-9999,-9999.0,-9999,-9999.0,-9999,-9999.0,-9999,-9999.0,-9999,-9999.0,-9999,-9999,-9999,-9999.0,-9999,-9999,-9999,-9999.0,0.0,-9999.0,-9999.0,1,0.0,0.0,0,0.0,0.0,0,116.944,0.007666223,0.740986276,-9999.0,-9999.0,-9999.0,-9999,-9999.0,-9999.0,-9999.0,-9999,10.0,7.071067812,5.0,2,17.5,10.60660172,7.5,2,32.5,17.67766953,12.5,2,40.0,0.0,0.0,2,7.0,6.683312552,3.341656276,4,-9999.0,-9999.0,-9999.0,-9999,-9999,-9999,-9999,-9999,-9999,-9999,-9999,-9999,8.5,9.192388155,6.62382065,2,10.0,-9999.0,-9999.0,1,8.5,9.192388155,6.5,2,1.0,-9999.0,-9999.0,1,>2,<2
2019,2019-08-23,S3-2-25,S3,2,25,66.38081,-150.51203,439.0,0.434,2.741,76.0,-9999,52,Granite,E/NE,,Y,-9999.0,-9999.0,1.019708529,-9999,0.014888915,1,0.045551104,-9999,0.001010232,1,5,24.23596691,-9999,-9999.0,1,-26.8247162,-9999,-9999.0,1,0.917147,-9999,-9999.0,1,0.152948206,-9999,-9999,1,0.41207207,-9999,-9999,1,1.2,50.37068128,78.37919729,3.566670827,13,2.619275427,0.185466883,52,1.309637713,0.092733441,52,116.944,0.007666223,0.740986276,33.0,-9999.0,-9999.0,1,-9999.0,-9999.0,-9999.0,-9999,5.0,-9999.0,-9999.0,1,10.0,-9999.0,-9999.0,1,45.0,-9999.0,-9999.0,1,40.0,-9999.0,-9999.0,1,12.5,3.535533906,2.5,2,-9999.0,-9999.0,-9999.0,-9999,-9999,-9999,-9999,-9999,-9999,-9999,-9999,-9999,15.0,-9999.0,2.5,1,10.0,-9999.0,-9999.0,1,15.0,-9999.0,-9999.0,1,-9999.0,-9999.0,-9999.0,-9999,>2,>2
2019,2019-08-23,S3-2-30,S3,2,30,66.38079,-150.51192,440.0,0.401,2.627,110.0,-9999,8,Granite,E/NE,,Y,-9999.0,-9999.0,0.634306101,-9999,0.007831191,1,0.029237603,-9999,0.00020333,1,5,23.22249491,-9999,-9999.0,1,-25.7745742,-9999,-9999.0,1,3.2493858,-9999,-9999.0,1,0.325039607,-9999,-9999,1,0.71224526,-9999,-9999,1,3.0,276.2674412,39.15665822,25.76870044,2,2.21013953,0.206149604,8,1.105069765,0.103074802,8,116.944,0.007666223,0.740986276,14.0,-9999.0,-9999.0,1,-9999.0,-9999.0,-9999.0,-9999,5.0,-9999.0,-9999.0,1,10.0,-9999.0,-9999.0,1,45.0,-9999.0,-9999.0,1,40.0,-9999.0,-9999.0,1,12.5,3.535533906,2.5,2,-9999.0,-9999.0,-9999.0,-9999,-9999,-9999,-9999,-9999,-9999,-9999,-9999,-9999,15.0,-9999.0,2.5,1,10.0,-9999.0,-9999.0,1,15.0,-9999.0,-9999.0,1,-9999.0,-9999.0,-9999.0,-9999,>2,>2
2019,2019-08-23,S3-3-0,S3,3,0,66.38105,-150.51233,440.0,0.542,3.183,68.0,-9999,32,Granite,E/NE,,Y,-9999.0,-9999.0,1.913433002,-9999,0.016841518,1,0.092358522,-9999,0.001283599,1,16,21.361271,-9999,-9999.0,1,-26.1589658,-9999,-9999.0,1,1.4868768,-9999,-9999.0,1,0.257939749,-9999,-9999,1,0.87723197,-9999,-9999,1,1.47,27.2182517,34.07383744,2.447050122,8,0.870984054,0.078305604,32,0.435492027,0.039152802,32,116.944,0.007666223,0.740986276,14.0,-9999.0,-9999.0,1,5.0,-9999.0,-9999.0,1,5.0,-9999.0,-9999.0,1,-9999.0,-9999.0,-9999.0,-9999,45.0,-9999.0,-9999.0,1,45.0,-9999.0,-9999.0,1,1.5,0.707106781,0.5,2,-9999.0,-9999.0,-9999.0,-9999,-9999,-9999,-9999,-9999,-9999,-9999,-9999,-9999,2.0,-9999.0,0.5,1,-9999.0,-9999.0,-9999.0,-9999,2.0,-9999.0,-9999.0,1,1.0,-9999.0,-9999.0,1,<2,<2
2019,2019-08-23,S3-3-5,S3,3,5,66.38105,-150.5122,441.0,0.415,2.674,53.0,-9999,48,Granite,E/NE,,Y,-9999.0,-9999.0,-9999.0,-9999,-9999.0,-9999,-9999.0,-9999,-9999.0,-9999,-9999,-9999.0,-9999,-9999.0,-9999,-9999.0,-9999,-9999.0,-9999,-9999.0,-9999,-9999.0,-9999,-9999.0,-9999,-9999,-9999,-9999.0,-9999,-9999,-9999,0.45,1.555234554,1.652297772,0.379044232,12,0.074651259,0.018194123,48,0.037325629,0.009097062,48,116.944,0.007666223,0.740986276,22.0,-9999.0,-9999.0,1,5.0,-9999.0,-9999.0,1,5.0,-9999.0,-9999.0,1,-9999.0,-9999.0,-9999.0,-9999,45.0,-9999.0,-9999.0,1,45.0,-9999.0,-9999.0,1,1.5,0.707106781,0.5,2,-9999.0,-9999.0,-9999.0,-9999,-9999,-9999,-9999,-9999,-9999,-9999,-9999,-9999,2.0,-9999.0,0.5,1,-9999.0,-9999.0,-9999.0,-9999,2.0,-9999.0,-9999.0,1,1.0,-9999.0,-9999.0,1,<2,<2
2019,2019-08-23,S3-3-10,S3,3,10,66.38104,-150.51206,438.0,0.525,3.116,74.0,-9999,0,Granite,E/NE,,Y,-9999.0,-9999.0,-9999.0,-9999,-9999.0,-9999,-9999.0,-9999,-9999.0,-9999,-9999,-9999.0,-9999,-9999.0,-9999,-9999.0,-9999,-9999.0,-9999,-9999.0,-9999,-9999.0,-9999,-9999.0,-9999,-9999,-9999,-9999.0,-9999,-9999,-9999,-9999.0,0.0,-9999.0,-9999.0,1,0.0,0.0,0,0.0,0.0,0,116.944,0.007666223,0.740986276,-9999.0,-9999.0,-9999.0,-9999,4.0,1.414213562,1.0,2,3.5,2.121320344,1.5,2,15.0,-9999.0,-9999.0,1,52.5,10.60660172,7.5,2,32.5,17.67766953,12.5,2,1.5,0.577350269,0.288675135,4,-9999.0,-9999.0,-9999.0,-9999,-9999,-9999,-9999,-9999,-9999,-9999,-9999,-9999,2.0,0.0,0.353553391,2,-9999.0,-9999.0,-9999.0,-9999,2.0,0.0,0.0,2,1.0,0.0,0.0,2,<2,<2
2019,2019-08-23,S3-3-15,S3,3,15,66.38103,-150.51197,441.0,0.456,2.823,69.0,-9999,20,Granite,E/NE,,Y,-9999.0,-9999.0,-9999.0,-9999,-9999.0,-9999,-9999.0,-9999,-9999.0,-9999,-9999,-9999.0,-9999,-9999.0,-9999,-9999.0,-9999,-9999.0,-9999,-9999.0,-9999,-9999.0,-9999,-9999.0,-9999,-9999,-9999,-9999.0,-9999,-9999,-9999,1.16,45.52719967,41.21466253,4.078089841,5,0.910543993,0.081561797,20,0.455271997,0.040780898,20,116.944,0.007666223,0.740986276,22.0,-9999.0,-9999.0,1,3.0,-9999.0,-9999.0,1,2.0,-9999.0,-9999.0,1,15.0,-9999.0,-9999.0,1,60.0,-9999.0,-9999.0,1,20.0,-9999.0,-9999.0,1,1.5,0.707106781,0.5,2,-9999.0,-9999.0,-9999.0,-9999,-9999,-9999,-9999,-9999,-9999,-9999,-9999,-9999,2.0,-9999.0,0.5,1,-9999.0,-9999.0,-9999.0,-9999,2.0,-9999.0,-9999.0,1,1.0,-9999.0,-9999.0,1,<2,<2
2019,2019-08-23,S3-3-20,S3,3,20,66.38102,-150.5118,439.0,0.477,2.909,58.0,-9999,4,Granite,E/NE,,Y,-9999.0,-9999.0,0.361267922,-9999,-9999.0,1,0.014468252,-9999,-9999.0,1,6,24.96970073,-9999,-9999.0,1,-26.5433574,-9999,-9999.0,1,0.8065582,-9999,-9999.0,1,0.142258278,-9999,-9999,1,0.392402602,-9999,-9999,1,4.64,967.548909,-9999.0,162.4709241,1,3.870195636,0.649883696,4,1.935097818,0.324941848,4,116.944,0.007666223,0.740986276,82.0,-9999.0,-9999.0,1,3.0,-9999.0,-9999.0,1,3.5,2.121320344,1.5,2,22.5,10.60660172,7.5,2,45.0,21.21320344,15.0,2,27.5,10.60660172,7.5,2,3.75,4.193248542,2.096624271,4,-9999.0,-9999.0,-9999.0,-9999,-9999,-9999,-9999,-9999,-9999,-9999,-9999,-9999,6.0,5.656854249,4.479118217,2,-9999.0,-9999.0,-9999.0,-9999,6.0,5.656854249,4.0,2,1.5,0.707106781,0.5,2,<2,>2
2019,2019-08-23,S3-3-25,S3,3,25,66.38102,-150.51168,441.0,0.448,2.794,54.0,-9999,0,Granite,E/NE,,Y,-9999.0,-9999.0,-9999.0,-9999,-9999.0,-9999,-9999.0,-9999,-9999.0,-9999,-9999,-9999.0,-9999,-9999.0,-9999,-9999.0,-9999,-9999.0,-9999,-9999.0,-9999,-9999.0,-9999,-9999.0,-9999,-9999,-9999,-9999.0,-9999,-9999,-9999,-9999.0,0.0,-9999.0,-9999.0,1,0.0,0.0,0,0.0,0.0,0,116.944,0.007666223,0.740986276,-9999.0,-9999.0,-9999.0,-9999,-9999.0,-9999.0,-9999.0,-9999,5.0,-9999.0,-9999.0,1,30.0,-9999.0,-9999.0,1,30.0,-9999.0,-9999.0,1,35.0,-9999.0,-9999.0,1,6.0,5.656854249,4.0,2,-9999.0,-9999.0,-9999.0,-9999,-9999,-9999,-9999,-9999,-9999,-9999,-9999,-9999,10.0,-9999.0,4.0,1,-9999.0,-9999.0,-9999.0,-9999,10.0,-9999.0,-9999.0,1,2.0,-9999.0,-9999.0,1,<2,<2
2019,2019-08-23,S3-3-30,S3,3,30,66.38102,-150.51157,438.0,0.526,3.119,50.0,-9999,28,Granite,E/NE,,Y,-9999.0,-9999.0,-9999.0,-9999,-9999.0,-9999,-9999.0,-9999,-9999.0,-9999,-9999,-9999.0,-9999,-9999.0,-9999,-9999.0,-9999,-9999.0,-9999,-9999.0,-9999,-9999.0,-9999,-9999.0,-9999,-9999,-9999,-9999.0,-9999,-9999,-9999,1.49,25.03830767,13.44702082,2.402593853,7,0.701072615,0.067272628,28,0.350536307,0.033636314,28,116.944,0.007666223,0.740986276,23.0,-9999.0,-9999.0,1,-9999.0,-9999.0,-9999.0,-9999,5.0,-9999.0,-9999.0,1,30.0,-9999.0,-9999.0,1,30.0,-9999.0,-9999.0,1,35.0,-9999.0,-9999.0,1,6.0,5.656854249,4.0,2,-9999.0,-9999.0,-9999.0,-9999,-9999,-9999,-9999,-9999,-9999,-9999,-9999,-9999,10.0,-9999.0,4.0,1,-9999.0,-9999.0,-9999.0,-9999,10.0,-9999.0,-9999.0,1,2.0,-9999.0,-9999.0,1,<2,<2
2019,2019-08-24,S4-1-0,S4,1,0,66.59763,-150.71355,504.0,0.195,2.059,27.0,-9999,28,Phyllite,W/NW,,Y,-9999.0,-9999.0,0.362818493,-9999,0.000826588,1,0.020023694,-9999,0.00013056,1,3,19.03416384,-9999,-9999.0,1,-26.2184078,-9999,-9999.0,1,1.0267484,-9999,-9999.0,1,0.245046051,-9999,-9999,1,0.271688642,-9999,-9999,1,3.81,385.6594684,196.6347105,23.08915603,7,10.79846511,0.646496369,28,5.399232557,0.323248184,28,334.612,0.014727871,0.766934189,9.0,-9999.0,-9999.0,1,30.0,-9999.0,-9999.0,1,40.0,-9999.0,-9999.0,1,-9999.0,-9999.0,-9999.0,-9999,1.0,-9999.0,-9999.0,1,29.0,-9999.0,-9999.0,1,23.33333333,17.55942292,10.13793755,3,-9999.0,-9999.0,-9999.0,-9999,-9999,-9999,-9999,-9999,2,-9999,-9999,1,40.0,-9999.0,10.13793755,1,25.0,-9999.0,-9999.0,1,40.0,-9999.0,-9999.0,1,5.0,-9999.0,-9999.0,1,>2,>2
2019,2019-08-24,S4-1-5,S4,1,5,66.59767,-150.7135,504.0,0.243,2.18,-9999.0,22,12,Phyllite,W/NW,,Y,-9999.0,-9999.0,-9999.0,-9999,-9999.0,-9999,-9999.0,-9999,-9999.0,-9999,-9999,-9999.0,-9999,-9999.0,-9999,-9999.0,-9999,-9999.0,-9999,-9999.0,-9999,-9999.0,-9999,-9999.0,-9999,-9999,-9999,-9999.0,-9999,-9999,-9999,2.54,312.7612279,181.0639411,28.0061344,3,3.753134735,0.336073613,12,1.876567368,0.168036806,12,334.612,0.014727871,0.766934189,-9999.0,-9999.0,-9999.0,-9999,30.0,-9999.0,-9999.0,1,40.0,-9999.0,-9999.0,1,-9999.0,-9999.0,-9999.0,-9999,1.0,-9999.0,-9999.0,1,29.0,-9999.0,-9999.0,1,23.33333333,17.55942292,10.13793755,3,-9999.0,-9999.0,-9999.0,-9999,-9999,-9999,-9999,-9999,2,-9999,-9999,1,40.0,-9999.0,10.13793755,1,25.0,-9999.0,-9999.0,1,40.0,-9999.0,-9999.0,1,5.0,-9999.0,-9999.0,1,>2,>2
2019,2019-08-24,S4-1-10,S4,1,10,66.597735,-150.713435,504.5,0.273,2.256,-9999.0,22,4,Phyllite,W/NW,,Y,-9999.0,-9999.0,-9999.0,-9999,-9999.0,-9999,-9999.0,-9999,-9999.0,-9999,-9999,-9999.0,-9999,-9999.0,-9999,-9999.0,-9999,-9999.0,-9999,-9999.0,-9999,-9999.0,-9999,-9999.0,-9999,-9999,-9999,-9999.0,-9999,-9999,-9999,4.91,1154.034996,-9999.0,203.8462095,1,4.616139985,0.815384838,4,2.308069993,0.407692419,4,334.612,0.014727871,0.766934189,-9999.0,-9999.0,-9999.0,-9999,30.0,-9999.0,-9999.0,1,35.0,7.071067812,5.0,2,-9999.0,-9999.0,-9999.0,-9999,33.0,45.254834,32.0,2,17.0,16.97056275,12.0,2,18.0,14.40486029,6.442049363,5,2.0,-9999.0,-9999.0,1,-9999,-9999,-9999,-9999,2,-9999,-9999,1,25.0,21.21320344,15.83333333,2,17.5,10.60660172,7.5,2,25.0,21.21320344,15.0,2,5.0,-9999.0,-9999.0,1,>2,>2
2019,2019-08-24,S4-1-15,S4,1,15,66.59776,-150.7134,503.0,0.311,2.358,-9999.0,24,16,Phyllite,W/NW,,Y,-9999.0,-9999.0,0.594087339,-9999,-9999.0,1,0.03264014,-9999,-9999.0,1,4,19.24816836,-9999,-9999.0,1,-26.7177206,-9999,-9999.0,1,1.3822124,-9999,-9999.0,1,0.147521012,-9999,-9999,1,0.249404252,-9999,-9999,1,2.56,210.208165,42.59880161,13.7848558,4,3.36333064,0.220557693,16,1.68166532,0.110278846,16,334.612,0.014727871,0.766934189,10.0,-9999.0,-9999.0,1,-9999.0,-9999.0,-9999.0,-9999,30.0,-9999.0,-9999.0,1,-9999.0,-9999.0,-9999.0,-9999,65.0,-9999.0,-9999.0,1,5.0,-9999.0,-9999.0,1,10.0,0.0,0.0,2,2.0,-9999.0,-9999.0,1,-9999,-9999,-9999,-9999,-9999,-9999,-9999,-9999,10.0,-9999.0,-9999.0,1,10.0,-9999.0,-9999.0,1,10.0,-9999.0,-9999.0,1,-9999.0,-9999.0,-9999.0,-9999,>2,>2
2019,2019-08-24,S4-1-20,S4,1,20,66.5978,-150.71337,505.0,0.364,2.51,64.0,-9999,0,Phyllite,W/NW,,Y,-9999.0,-9999.0,-9999.0,-9999,-9999.0,-9999,-9999.0,-9999,-9999.0,-9999,-9999,-9999.0,-9999,-9999.0,-9999,-9999.0,-9999,-9999.0,-9999,-9999.0,-9999,-9999.0,-9999,-9999.0,-9999,-9999,-9999,-9999.0,-9999,-9999,-9999,-9999.0,0.0,-9999.0,-9999.0,1,0.0,0.0,0,0.0,0.0,0,334.612,0.014727871,0.766934189,-9999.0,-9999.0,-9999.0,-9999,-9999.0,-9999.0,-9999.0,-9999,30.0,0.0,0.0,2,-9999.0,-9999.0,-9999.0,-9999,57.5,10.60660172,7.5,2,12.5,10.60660172,7.5,2,10.0,0.0,0.0,2,2.0,-9999.0,-9999.0,1,-9999,-9999,-9999,-9999,-9999,-9999,-9999,-9999,10.0,-9999.0,-9999.0,1,10.0,-9999.0,-9999.0,1,10.0,-9999.0,-9999.0,1,-9999.0,-9999.0,-9999.0,-9999,>2,<2
2019,2019-08-24,S4-1-25,S4,1,25,66.59782,-150.71336,503.0,0.099,1.816,27.0,-9999,0,Phyllite,W/NW,,Y,-9999.0,-9999.0,-9999.0,-9999,-9999.0,-9999,-9999.0,-9999,-9999.0,-9999,-9999,-9999.0,-9999,-9999.0,-9999,-9999.0,-9999,-9999.0,-9999,-9999.0,-9999,-9999.0,-9999,-9999.0,-9999,-9999,-9999,-9999.0,-9999,-9999,-9999,-9999.0,0.0,-9999.0,-9999.0,1,0.0,0.0,0,0.0,0.0,0,334.612,0.014727871,0.766934189,-9999.0,-9999.0,-9999.0,-9999,-9999.0,-9999.0,-9999.0,-9999,30.0,-9999.0,-9999.0,1,-9999.0,-9999.0,-9999.0,-9999,50.0,-9999.0,-9999.0,1,20.0,-9999.0,-9999.0,1,-9999.0,-9999.0,-9999.0,-9999,-9999.0,-9999.0,-9999.0,-9999,-9999,-9999,-9999,-9999,-9999,-9999,-9999,-9999,-9999.0,-9999.0,-9999.0,-9999,-9999.0,-9999.0,-9999.0,-9999,-9999.0,-9999.0,-9999.0,-9999,-9999.0,-9999.0,-9999.0,-9999,<2,<2
2019,2019-08-24,S4-1-30,S4,1,30,66.59787,-150.71334,503.0,-9999.0,-9999.0,-9999.0,37,0,Phyllite,W/NW,too shallow for VWR probe,Y,-9999.0,-9999.0,0.776903154,-9999,0.001506191,1,0.045138968,-9999,0.000392078,1,6,17.34985689,-9999,-9999.0,1,-26.4987759,-9999,-9999.0,1,1.6142514,-9999,-9999.0,1,0.169723171,-9999,-9999,1,0.25211785,-9999,-9999,1,-9999.0,0.0,-9999.0,-9999.0,1,0.0,0.0,0,0.0,0.0,0,334.612,0.014727871,0.766934189,-9999.0,-9999.0,-9999.0,-9999,-9999.0,-9999.0,-9999.0,-9999,30.0,-9999.0,-9999.0,1,-9999.0,-9999.0,-9999.0,-9999,50.0,-9999.0,-9999.0,1,20.0,-9999.0,-9999.0,1,-9999.0,-9999.0,-9999.0,-9999,-9999.0,-9999.0,-9999.0,-9999,-9999,-9999,-9999,-9999,-9999,-9999,-9999,-9999,-9999.0,-9999.0,-9999.0,-9999,-9999.0,-9999.0,-9999.0,-9999,-9999.0,-9999.0,-9999.0,-9999,-9999.0,-9999.0,-9999.0,-9999,<2,<2
2019,2019-08-24,S4-2-0,S4,2,0,66.59772,-150.71377,501.0,0.188,2.039,57.0,-9999,16,Phyllite,W/NW,,Y,-9999.0,-9999.0,0.561849082,-9999,0.004817389,1,0.02841612,-9999,0.000758348,1,3,23.71976661,-9999,-9999.0,1,-25.3387014,-9999,-9999.0,1,2.3798573,-9999,-9999.0,1,0.32365814,-9999,-9999,1,0.249979864,-9999,-9999,1,3.61,721.3179528,396.8227698,68.1362971,4,11.54108725,1.090180754,16,5.770543623,0.545090377,16,334.612,0.014727871,0.766934189,-9999.0,-9999.0,-9999.0,-9999,5.0,-9999.0,-9999.0,1,60.0,-9999.0,-9999.0,1,-9999.0,-9999.0,-9999.0,-9999,20.0,-9999.0,-9999.0,1,15.0,-9999.0,-9999.0,1,29.0,29.20616373,16.86218649,3,-9999.0,-9999.0,-9999.0,-9999,-9999,-9999,-9999,-9999,-9999,-9999,-9999,-9999,60.0,-9999.0,16.86218649,1,25.0,-9999.0,-9999.0,1,60.0,-9999.0,-9999.0,1,2.0,-9999.0,-9999.0,1,>2,>2
2019,2019-08-24,S4-2-5,S4,2,5,66.59776,-150.71373,502.0,0.28,2.277,79.0,-9999,12,Phyllite,W/NW,,Y,-9999.0,-9999.0,-9999.0,-9999,-9999.0,-9999,-9999.0,-9999,-9999.0,-9999,-9999,-9999.0,-9999,-9999.0,-9999,-9999.0,-9999,-9999.0,-9999,-9999.0,-9999,-9999.0,-9999,-9999.0,-9999,-9999,-9999,-9999.0,-9999,-9999,-9999,1.91,69.76356746,70.58913505,7.141842413,3,0.83716281,0.085702109,12,0.418581405,0.042851054,12,334.612,0.014727871,0.766934189,10.0,-9999.0,-9999.0,1,5.0,-9999.0,-9999.0,1,60.0,-9999.0,-9999.0,1,-9999.0,-9999.0,-9999.0,-9999,20.0,-9999.0,-9999.0,1,15.0,-9999.0,-9999.0,1,29.0,29.20616373,16.86218649,3,-9999.0,-9999.0,-9999.0,-9999,-9999,-9999,-9999,-9999,-9999,-9999,-9999,-9999,60.0,-9999.0,16.86218649,1,25.0,-9999.0,-9999.0,1,60.0,-9999.0,-9999.0,1,2.0,-9999.0,-9999.0,1,>2,<2
2019,2019-08-24,S4-2-10,S4,2,10,66.5978,-150.71365,498.0,0.385,2.574,40.0,-9999,28,Phyllite,W/NW,,Y,-9999.0,-9999.0,-9999.0,-9999,-9999.0,-9999,-9999.0,-9999,-9999.0,-9999,-9999,-9999.0,-9999,-9999.0,-9999,-9999.0,-9999,-9999.0,-9999,-9999.0,-9999,-9999.0,-9999,-9999.0,-9999,-9999,-9999,-9999.0,-9999,-9999,-9999,4.4,269.6587642,355.7278071,25.13615775,7,7.550445399,0.703812417,28,3.775222699,0.351906208,28,334.612,0.014727871,0.766934189,10.0,-9999.0,-9999.0,1,5.0,-9999.0,-9999.0,1,55.0,7.071067812,5.0,2,-9999.0,-9999.0,-9999.0,-9999,32.5,17.67766953,12.5,2,10.0,7.071067812,5.0,2,21.0,23.75920874,10.62544117,5,1.0,-9999.0,-9999.0,1,-9999,-9999,-9999,-9999,-9999,-9999,-9999,-9999,37.5,31.81980515,24.21432083,2,20.0,7.071067812,5.0,2,31.5,40.30508653,28.5,2,2.0,-9999.0,-9999.0,1,>2,>2
2019,2019-08-24,S4-2-15,S4,2,15,66.59785,-150.71356,503.0,0.265,2.238,81.0,-9999,0,Phyllite,W/NW,,Y,-9999.0,-9999.0,1.048036823,-9999,0.000205194,1,0.04789388,-9999,4.65e-05,1,13,23.54224947,-9999,0.1782047,1,-25.87676945,-9999,0.16370015,1,1.51294405,-9999,0.08387995,1,0.145547487,-9999,-9999,1,0.408026344,-9999,-9999,1,-9999.0,0.0,-9999.0,-9999.0,1,0.0,0.0,0,0.0,0.0,0,334.612,0.014727871,0.766934189,-9999.0,-9999.0,-9999.0,-9999,-9999.0,-9999.0,-9999.0,-9999,50.0,-9999.0,-9999.0,1,-9999.0,-9999.0,-9999.0,-9999,45.0,-9999.0,-9999.0,1,5.0,-9999.0,-9999.0,1,9.0,8.485281374,6.0,2,1.0,-9999.0,-9999.0,1,-9999,-9999,-9999,-9999,-9999,-9999,-9999,-9999,15.0,-9999.0,6.0,1,15.0,-9999.0,-9999.0,1,3.0,-9999.0,-9999.0,1,-9999.0,-9999.0,-9999.0,-9999,>2,<2
2019,2019-08-24,S4-2-20,S4,2,20,66.59786,-150.71359,497.0,0.284,2.285,40.0,-9999,16,Phyllite,W/NW,,Y,-9999.0,-9999.0,-9999.0,-9999,-9999.0,-9999,-9999.0,-9999,-9999.0,-9999,-9999,-9999.0,-9999,-9999.0,-9999,-9999.0,-9999,-9999.0,-9999,-9999.0,-9999,-9999.0,-9999,-9999.0,-9999,-9999,-9999,-9999.0,-9999,-9999,-9999,6.09,1598.883667,825.8470721,182.7007477,4,25.58213867,2.923211963,16,12.79106934,1.461605981,16,334.612,0.014727871,0.766934189,-9999.0,-9999.0,-9999.0,-9999,5.0,-9999.0,-9999.0,1,35.0,21.21320344,15.0,2,-9999.0,-9999.0,-9999.0,-9999,52.5,10.60660172,7.5,2,10.0,7.071067812,5.0,2,12.0,7.257180352,3.628590176,4,1.0,-9999.0,-9999.0,1,-9999,-9999,-9999,-9999,-9999,-9999,-9999,-9999,17.5,3.535533906,4.636809248,2,12.5,3.535533906,2.5,2,11.5,12.02081528,8.5,2,-9999.0,-9999.0,-9999.0,-9999,>2,>2
2019,2019-08-24,S4-2-25,S4,2,25,66.59793,-150.71355,491.0,-9999.0,-9999.0,-9999.0,32,12,Phyllite,W/NW,too shallow for VWR probe,Y,-9999.0,-9999.0,-9999.0,-9999,-9999.0,-9999,-9999.0,-9999,-9999.0,-9999,-9999,-9999.0,-9999,-9999.0,-9999,-9999.0,-9999,-9999.0,-9999,-9999.0,-9999,-9999.0,-9999,-9999.0,-9999,-9999,-9999,-9999.0,-9999,-9999,-9999,2.76,120.6063982,61.94731387,10.05533038,3,1.447276779,0.120663965,12,0.723638389,0.060331982,12,334.612,0.014727871,0.766934189,-9999.0,-9999.0,-9999.0,-9999,5.0,-9999.0,-9999.0,1,20.0,-9999.0,-9999.0,1,-9999.0,-9999.0,-9999.0,-9999,60.0,-9999.0,-9999.0,1,15.0,-9999.0,-9999.0,1,15.0,7.071067812,5.0,2,-9999.0,-9999.0,-9999.0,-9999,-9999,-9999,-9999,-9999,-9999,-9999,-9999,-9999,20.0,-9999.0,5.0,1,10.0,-9999.0,-9999.0,1,20.0,-9999.0,-9999.0,1,-9999.0,-9999.0,-9999.0,-9999,>2,<2
2019,2019-08-24,S4-2-30,S4,2,30,66.59797,-150.71353,495.0,0.371,2.533,66.0,-9999,8,Phyllite,W/NW,,Y,-9999.0,-9999.0,0.916601327,-9999,-9999.0,1,0.046680763,-9999,0.000632741,1,6,25.41766452,-9999,-9999.0,1,-25.9481578,-9999,-9999.0,1,0.9497223,-9999,-9999.0,1,0.146287559,-9999,-9999,1,0.271359721,-9999,-9999,1,3.15,146.0927615,202.6651071,19.05875818,2,1.168742092,0.152470065,8,0.584371046,0.076235033,8,334.612,0.014727871,0.766934189,-9999.0,-9999.0,-9999.0,-9999,5.0,-9999.0,-9999.0,1,20.0,-9999.0,-9999.0,1,-9999.0,-9999.0,-9999.0,-9999,60.0,-9999.0,-9999.0,1,15.0,-9999.0,-9999.0,1,15.0,7.071067812,5.0,2,-9999.0,-9999.0,-9999.0,-9999,-9999,-9999,-9999,-9999,-9999,-9999,-9999,-9999,20.0,-9999.0,5.0,1,10.0,-9999.0,-9999.0,1,20.0,-9999.0,-9999.0,1,-9999.0,-9999.0,-9999.0,-9999,>2,<2
2019,2019-08-24,S4-3-0,S4,3,0,66.5978,-150.71399,496.0,-9999.0,-9999.0,-9999.0,31,20,Phyllite,W/NW,too shallow for VWR probe,Y,-9999.0,-9999.0,0.37230948,-9999,-9999.0,1,0.019879969,-9999,0.000277046,1,0,15.24416754,-9999,-9999.0,1,-24.6935114,-9999,-9999.0,1,3.7281294,-9999,-9999.0,1,0.243730367,-9999,-9999,1,0.23361605,-9999,-9999,1,5.03,276.813841,542.0633064,44.86372919,5,5.536276821,0.897274584,20,2.76813841,0.448637292,20,334.612,0.014727871,0.766934189,13.0,-9999.0,-9999.0,1,5.0,-9999.0,-9999.0,1,30.0,-9999.0,-9999.0,1,-9999.0,-9999.0,-9999.0,-9999,5.0,-9999.0,-9999.0,1,60.0,-9999.0,-9999.0,1,17.0,20.42057786,11.78982612,3,1.0,-9999.0,-9999.0,1,-9999,-9999,-9999,-9999,-9999,-9999,-9999,-9999,40.0,-9999.0,11.78982612,1,10.0,-9999.0,-9999.0,1,40.0,-9999.0,-9999.0,1,1.0,-9999.0,-9999.0,1,>2,>2
2019,2019-08-24,S4-3-5,S4,3,5,66.59785,-150.71393,495.0,-9999.0,-9999.0,-9999.0,20,0,Phyllite,W/NW,too shallow for VWR probe,Y,-9999.0,-9999.0,-9999.0,-9999,-9999.0,-9999,-9999.0,-9999,-9999.0,-9999,-9999,-9999.0,-9999,-9999.0,-9999,-9999.0,-9999,-9999.0,-9999,-9999.0,-9999,-9999.0,-9999,-9999.0,-9999,-9999,-9999,-9999.0,-9999,-9999,-9999,-9999.0,0.0,-9999.0,-9999.0,1,0.0,0.0,0,0.0,0.0,0,334.612,0.014727871,0.766934189,-9999.0,-9999.0,-9999.0,-9999,5.0,-9999.0,-9999.0,1,30.0,-9999.0,-9999.0,1,-9999.0,-9999.0,-9999.0,-9999,5.0,-9999.0,-9999.0,1,60.0,-9999.0,-9999.0,1,17.0,20.42057786,11.78982612,3,1.0,-9999.0,-9999.0,1,-9999,-9999,-9999,-9999,-9999,-9999,-9999,-9999,40.0,-9999.0,11.78982612,1,10.0,-9999.0,-9999.0,1,40.0,-9999.0,-9999.0,1,1.0,-9999.0,-9999.0,1,>2,<2
2019,2019-08-24,S4-3-10,S4,3,10,66.59789,-150.71392,499.0,-9999.0,-9999.0,-9999.0,18,0,Phyllite,W/NW,too shallow for VWR probe,Y,-9999.0,-9999.0,-9999.0,-9999,-9999.0,-9999,-9999.0,-9999,-9999.0,-9999,-9999,-9999.0,-9999,-9999.0,-9999,-9999.0,-9999,-9999.0,-9999,-9999.0,-9999,-9999.0,-9999,-9999.0,-9999,-9999,-9999,-9999.0,-9999,-9999,-9999,-9999.0,0.0,-9999.0,-9999.0,1,0.0,0.0,0,0.0,0.0,0,334.612,0.014727871,0.766934189,-9999.0,-9999.0,-9999.0,-9999,5.0,-9999.0,-9999.0,1,50.0,28.28427125,20.0,2,-9999.0,-9999.0,-9999.0,-9999,5.0,0.0,0.0,2,42.5,24.74873734,17.5,2,18.2,14.95660389,6.688796603,5,1.5,0.707106781,0.5,2,-9999,-9999,-9999,-9999,-9999,-9999,-9999,-9999,32.5,10.60660172,9.861541462,2,12.5,3.535533906,2.5,2,32.5,10.60660172,7.5,2,1.0,-9999.0,-9999.0,1,>2,<2
2019,2019-08-24,S4-3-15,S4,3,15,66.59795,-150.71386,495.0,-9999.0,-9999.0,-9999.0,18,0,Phyllite,W/NW,too shallow for VWR probe,Y,-9999.0,-9999.0,-9999.0,-9999,-9999.0,-9999,-9999.0,-9999,-9999.0,-9999,-9999,-9999.0,-9999,-9999.0,-9999,-9999.0,-9999,-9999.0,-9999,-9999.0,-9999,-9999.0,-9999,-9999.0,-9999,-9999,-9999,-9999.0,-9999,-9999,-9999,-9999.0,0.0,-9999.0,-9999.0,1,0.0,0.0,0,0.0,0.0,0,334.612,0.014727871,0.766934189,-9999.0,-9999.0,-9999.0,-9999,-9999.0,-9999.0,-9999.0,-9999,70.0,-9999.0,-9999.0,1,-9999.0,-9999.0,-9999.0,-9999,5.0,-9999.0,-9999.0,1,25.0,-9999.0,-9999.0,1,20.0,7.071067812,5.0,2,2.0,-9999.0,-9999.0,1,-9999,-9999,-9999,-9999,-9999,-9999,-9999,-9999,25.0,-9999.0,5.0,1,15.0,-9999.0,-9999.0,1,25.0,-9999.0,-9999.0,1,-9999.0,-9999.0,-9999.0,-9999,>2,<2
2019,2019-08-24,S4-3-20,S4,3,20,66.59798,-150.7138,497.0,-9999.0,-9999.0,81.0,-9999,12,Phyllite,W/NW,too rocky for VWR,Y,-9999.0,-9999.0,-9999.0,-9999,-9999.0,-9999,-9999.0,-9999,-9999.0,-9999,-9999,-9999.0,-9999,-9999.0,-9999,-9999.0,-9999,-9999.0,-9999,-9999.0,-9999,-9999.0,-9999,-9999.0,-9999,-9999,-9999,-9999.0,-9999,-9999,-9999,2.73,356.2707063,216.5867973,33.29977105,3,4.275248476,0.399597253,12,2.137624238,0.199798626,12,334.612,0.014727871,0.766934189,12.0,-9999.0,-9999.0,1,-9999.0,-9999.0,-9999.0,-9999,65.0,7.071067812,5.0,2,-9999.0,-9999.0,-9999.0,-9999,12.5,10.60660172,7.5,2,22.5,3.535533906,2.5,2,10.4,10.13903348,4.53431362,5,2.0,-9999.0,-9999.0,1,-9999,-9999,-9999,-9999,-9999,-9999,-9999,-9999,17.5,10.60660172,8.04673847,2,8.0,9.899494937,7.0,2,17.5,10.60660172,7.5,2,1.0,-9999.0,-9999.0,1,>2,>2
2019,2019-08-24,S4-3-25,S4,3,25,66.59804,-150.71372,498.0,-9999.0,-9999.0,-9999.0,28,0,Phyllite,W/NW,too shallow for VWR probe,Y,-9999.0,-9999.0,0.555722242,-9999,-9999.0,1,0.027298625,-9999,0.000400433,1,5,27.72295212,-9999,-9999.0,1,-25.6950448,-9999,-9999.0,1,0.7001884,-9999,-9999.0,1,0.096505384,-9999,-9999,1,0.151369386,-9999,-9999,1,-9999.0,0.0,-9999.0,-9999.0,1,0.0,0.0,0,0.0,0.0,0,334.612,0.014727871,0.766934189,-9999.0,-9999.0,-9999.0,-9999,-9999.0,-9999.0,-9999.0,-9999,60.0,-9999.0,-9999.0,1,-9999.0,-9999.0,-9999.0,-9999,20.0,-9999.0,-9999.0,1,20.0,-9999.0,-9999.0,1,4.0,5.196152423,3.0,3,-9999.0,-9999.0,-9999.0,-9999,-9999,-9999,-9999,-9999,-9999,-9999,-9999,-9999,10.0,-9999.0,3.0,1,1.0,-9999.0,-9999.0,1,10.0,-9999.0,-9999.0,1,1.0,-9999.0,-9999.0,1,>2,<2
2019,2019-08-24,S4-3-30,S4,3,30,66.59807,-150.71371,496.0,-9999.0,-9999.0,-9999.0,25,0,Phyllite,W/NW,too shallow for VWR probe,Y,-9999.0,-9999.0,-9999.0,-9999,-9999.0,-9999,-9999.0,-9999,-9999.0,-9999,-9999,-9999.0,-9999,-9999.0,-9999,-9999.0,-9999,-9999.0,-9999,-9999.0,-9999,-9999.0,-9999,-9999.0,-9999,-9999,-9999,-9999.0,-9999,-9999,-9999,-9999.0,0.0,-9999.0,-9999.0,1,0.0,0.0,0,0.0,0.0,0,334.612,0.014727871,0.766934189,-9999.0,-9999.0,-9999.0,-9999,-9999.0,-9999.0,-9999.0,-9999,60.0,-9999.0,-9999.0,1,-9999.0,-9999.0,-9999.0,-9999,20.0,-9999.0,-9999.0,1,20.0,-9999.0,-9999.0,1,4.0,5.196152423,3.0,3,-9999.0,-9999.0,-9999.0,-9999,-9999,-9999,-9999,-9999,-9999,-9999,-9999,-9999,10.0,-9999.0,3.0,1,1.0,-9999.0,-9999.0,1,10.0,-9999.0,-9999.0,1,1.0,-9999.0,-9999.0,1,>2,<2
2019,2019-08-28,S5-1-0,S5,1,0,68.01813,-149.70984,783.0,0.373,2.539,59.0,-9999,0,Phyllite,W,,N,-9999.0,-9999.0,-9999.0,-9999,-9999.0,-9999,-9999.0,-9999,-9999.0,-9999,-9999,-9999.0,-9999,-9999.0,-9999,-9999.0,-9999,-9999.0,-9999,-9999.0,-9999,-9999.0,-9999,-9999.0,-9999,-9999,-9999,-9999.0,-9999,-9999,-9999,-9999.0,0.0,-9999.0,-9999.0,1,0.0,0.0,0,0.0,0.0,0,-9999.0,0.00278733,0.735572348,-9999.0,-9999.0,-9999.0,-9999,-9999.0,-9999.0,-9999.0,-9999,10.0,-9999.0,-9999.0,1,10.0,-9999.0,-9999.0,1,50.0,-9999.0,-9999.0,1,30.0,-9999.0,-9999.0,1,-9999.0,-9999.0,-9999.0,-9999,-9999.0,-9999.0,-9999.0,-9999,-9999,-9999,-9999,-9999,-9999,-9999,-9999,-9999,-9999.0,-9999.0,-9999.0,-9999,-9999.0,-9999.0,-9999.0,-9999,-9999.0,-9999.0,-9999.0,-9999,-9999.0,-9999.0,-9999.0,-9999,<2,<2
2019,2019-08-28,S5-1-5,S5,1,5,68.01818,-149.70995,786.0,0.309,2.357,60.0,-9999,0,Phyllite,W,,N,-9999.0,-9999.0,-9999.0,-9999,-9999.0,-9999,-9999.0,-9999,-9999.0,-9999,-9999,-9999.0,-9999,-9999.0,-9999,-9999.0,-9999,-9999.0,-9999,-9999.0,-9999,-9999.0,-9999,-9999.0,-9999,-9999,-9999,-9999.0,-9999,-9999,-9999,-9999.0,0.0,-9999.0,-9999.0,1,0.0,0.0,0,0.0,0.0,0,-9999.0,0.00278733,0.735572348,-9999.0,-9999.0,-9999.0,-9999,-9999.0,-9999.0,-9999.0,-9999,10.0,-9999.0,-9999.0,1,10.0,-9999.0,-9999.0,1,50.0,-9999.0,-9999.0,1,30.0,-9999.0,-9999.0,1,-9999.0,-9999.0,-9999.0,-9999,-9999.0,-9999.0,-9999.0,-9999,-9999,-9999,-9999,-9999,-9999,-9999,-9999,-9999,-9999.0,-9999.0,-9999.0,-9999,-9999.0,-9999.0,-9999.0,-9999,-9999.0,-9999.0,-9999.0,-9999,-9999.0,-9999.0,-9999.0,-9999,<2,<2
2019,2019-08-28,S5-1-10,S5,1,10,68.01824,-149.7097,786.0,0.511,3.052,54.0,-9999,0,Phyllite,W,,N,-9999.0,-9999.0,1.118780944,-9999,0.010205504,1,0.064452751,-9999,0.000618201,1,12,29.77523347,-9999,-9999.0,1,-26.5179102,-9999,-9999.0,1,-0.0829338,-9999,-9999.0,1,0.134035256,-9999,-9999,1,0.465094115,-9999,-9999,1,-9999.0,0.0,-9999.0,-9999.0,1,0.0,0.0,0,0.0,0.0,0,-9999.0,0.00278733,0.735572348,-9999.0,-9999.0,-9999.0,-9999,5.0,-9999.0,-9999.0,1,10.0,0.0,0.0,2,25.0,21.21320344,15.0,2,37.5,17.67766953,12.5,2,25.0,7.071067812,5.0,2,-9999.0,-9999.0,-9999.0,-9999,-9999.0,-9999.0,-9999.0,-9999,-9999,-9999,-9999,-9999,-9999,-9999,-9999,-9999,-9999.0,-9999.0,-9999.0,-9999,-9999.0,-9999.0,-9999.0,-9999,-9999.0,-9999.0,-9999.0,-9999,-9999.0,-9999.0,-9999.0,-9999,<2,<2
2019,2019-08-28,S5-1-15,S5,1,15,68.01825,-149.70972,785.0,0.172,2.004,24.0,-9999,0,Phyllite,W,,N,-9999.0,-9999.0,-9999.0,-9999,-9999.0,-9999,-9999.0,-9999,-9999.0,-9999,-9999,-9999.0,-9999,-9999.0,-9999,-9999.0,-9999,-9999.0,-9999,-9999.0,-9999,-9999.0,-9999,-9999.0,-9999,-9999,-9999,-9999.0,-9999,-9999,-9999,-9999.0,0.0,-9999.0,-9999.0,1,0.0,0.0,0,0.0,0.0,0,-9999.0,0.00278733,0.735572348,-9999.0,-9999.0,-9999.0,-9999,5.0,-9999.0,-9999.0,1,10.0,-9999.0,-9999.0,1,40.0,-9999.0,-9999.0,1,25.0,-9999.0,-9999.0,1,20.0,-9999.0,-9999.0,1,-9999.0,-9999.0,-9999.0,-9999,-9999.0,-9999.0,-9999.0,-9999,-9999,-9999,-9999,-9999,-9999,-9999,-9999,-9999,-9999.0,-9999.0,-9999.0,-9999,-9999.0,-9999.0,-9999.0,-9999,-9999.0,-9999.0,-9999.0,-9999,-9999.0,-9999.0,-9999.0,-9999,<2,<2
2019,2019-08-28,S5-1-20,S5,1,20,68.01829,-149.70958,786.0,0.158,1.968,50.0,-9999,0,Phyllite,W,,N,-9999.0,-9999.0,-9999.0,-9999,-9999.0,-9999,-9999.0,-9999,-9999.0,-9999,-9999,-9999.0,-9999,-9999.0,-9999,-9999.0,-9999,-9999.0,-9999,-9999.0,-9999,-9999.0,-9999,-9999.0,-9999,-9999,-9999,-9999.0,-9999,-9999,-9999,-9999.0,0.0,-9999.0,-9999.0,1,0.0,0.0,0,0.0,0.0,0,-9999.0,0.00278733,0.735572348,-9999.0,-9999.0,-9999.0,-9999,12.5,10.60660172,7.5,2,7.5,3.535533906,2.5,2,35.0,7.071067812,5.0,2,27.5,3.535533906,2.5,2,17.5,3.535533906,2.5,2,5.0,-9999.0,-9999.0,1,-9999.0,-9999.0,-9999.0,-9999,-9999,-9999,-9999,-9999,-9999,-9999,-9999,-9999,5.0,-9999.0,-9999.0,1,5.0,-9999.0,-9999.0,1,-9999.0,-9999.0,-9999.0,-9999,-9999.0,-9999.0,-9999.0,-9999,>2,<2
2019,2019-08-28,S5-1-25,S5,1,25,68.01832,-149.70948,784.0,0.265,2.239,93.0,-9999,0,Phyllite,W,,N,-9999.0,-9999.0,-9999.0,-9999,-9999.0,-9999,-9999.0,-9999,-9999.0,-9999,-9999,-9999.0,-9999,-9999.0,-9999,-9999.0,-9999,-9999.0,-9999,-9999.0,-9999,-9999.0,-9999,-9999.0,-9999,-9999,-9999,-9999.0,-9999,-9999,-9999,-9999.0,0.0,-9999.0,-9999.0,1,0.0,0.0,0,0.0,0.0,0,-9999.0,0.00278733,0.735572348,-9999.0,-9999.0,-9999.0,-9999,20.0,-9999.0,-9999.0,1,5.0,-9999.0,-9999.0,1,30.0,-9999.0,-9999.0,1,30.0,-9999.0,-9999.0,1,15.0,-9999.0,-9999.0,1,5.0,-9999.0,-9999.0,1,-9999.0,-9999.0,-9999.0,-9999,-9999,-9999,-9999,-9999,-9999,-9999,-9999,-9999,5.0,-9999.0,-9999.0,1,5.0,-9999.0,-9999.0,1,-9999.0,-9999.0,-9999.0,-9999,-9999.0,-9999.0,-9999.0,-9999,>2,<2
2019,2019-08-28,S5-1-30,S5,1,30,68.01837,-149.70945,878.0,0.179,2.023,-9999.0,-9999,20,Phyllite,W,,N,-9999.0,-9999.0,0.784662378,-9999,-9999.0,1,0.042515351,-9999,-9999.0,1,5,21.36552404,-9999,-9999.0,1,-26.1218628,-9999,-9999.0,1,-0.3995361,-9999,-9999.0,1,0.205049273,-9999,-9999,1,0.513905973,-9999,-9999,1,1.5,652.6990704,671.5573799,72.26082365,5,13.05398141,1.445216473,20,6.526990704,0.722608237,20,-9999.0,0.00278733,0.735572348,33.0,-9999.0,-9999.0,1,20.0,-9999.0,-9999.0,1,5.0,-9999.0,-9999.0,1,30.0,-9999.0,-9999.0,1,30.0,-9999.0,-9999.0,1,15.0,-9999.0,-9999.0,1,5.0,-9999.0,-9999.0,1,-9999.0,-9999.0,-9999.0,-9999,-9999,-9999,-9999,-9999,-9999,-9999,-9999,-9999,5.0,-9999.0,-9999.0,1,5.0,-9999.0,-9999.0,1,-9999.0,-9999.0,-9999.0,-9999,-9999.0,-9999.0,-9999.0,-9999,>2,>2
2019,2019-08-28,S5-2-0,S5,2,0,68.01818,-149.71027,790.0,0.232,2.155,84.0,-9999,24,Phyllite,W,,N,-9999.0,-9999.0,-9999.0,-9999,-9999.0,-9999,-9999.0,-9999,-9999.0,-9999,-9999,-9999.0,-9999,-9999.0,-9999,-9999.0,-9999,-9999.0,-9999,-9999.0,-9999,-9999.0,-9999,-9999.0,-9999,-9999,-9999,-9999.0,-9999,-9999,-9999,2.085,211.5303644,373.1640236,27.57414861,6,5.076728745,0.661779567,24,2.538364372,0.330889783,24,-9999.0,0.00278733,0.735572348,22.0,1.414213562,1.0,2,-9999.0,-9999.0,-9999.0,-9999,10.0,-9999.0,-9999.0,1,20.0,-9999.0,-9999.0,1,55.0,-9999.0,-9999.0,1,15.0,-9999.0,-9999.0,1,4.0,1.414213562,1.0,2,-9999.0,-9999.0,-9999.0,-9999,-9999,-9999,-9999,-9999,-9999,-9999,-9999,-9999,5.0,-9999.0,1.0,1,-9999.0,-9999.0,-9999.0,-9999,5.0,-9999.0,-9999.0,1,3.0,-9999.0,-9999.0,1,<2,>2
2019,2019-08-28,S5-2-5,S5,2,5,68.01821,-149.71014,788.0,0.453,2.809,65.0,-9999,0,Phyllite,W,,N,-9999.0,-9999.0,-9999.0,-9999,-9999.0,-9999,-9999.0,-9999,-9999.0,-9999,-9999,-9999.0,-9999,-9999.0,-9999,-9999.0,-9999,-9999.0,-9999,-9999.0,-9999,-9999.0,-9999,-9999.0,-9999,-9999,-9999,-9999.0,-9999,-9999,-9999,-9999.0,0.0,-9999.0,-9999.0,1,0.0,0.0,0,0.0,0.0,0,-9999.0,0.00278733,0.735572348,-9999.0,-9999.0,-9999.0,-9999,-9999.0,-9999.0,-9999.0,-9999,10.0,-9999.0,-9999.0,1,20.0,-9999.0,-9999.0,1,55.0,-9999.0,-9999.0,1,15.0,-9999.0,-9999.0,1,4.0,1.414213562,1.0,2,-9999.0,-9999.0,-9999.0,-9999,-9999,-9999,-9999,-9999,-9999,-9999,-9999,-9999,5.0,-9999.0,1.0,1,-9999.0,-9999.0,-9999.0,-9999,5.0,-9999.0,-9999.0,1,3.0,-9999.0,-9999.0,1,<2,<2
2019,2019-08-28,S5-2-10,S5,2,10,68.01824,-149.71013,790.0,0.295,2.317,58.0,-9999,0,Phyllite,W,,N,-9999.0,-9999.0,-9999.0,-9999,-9999.0,-9999,-9999.0,-9999,-9999.0,-9999,-9999,-9999.0,-9999,-9999.0,-9999,-9999.0,-9999,-9999.0,-9999,-9999.0,-9999,-9999.0,-9999,-9999.0,-9999,-9999,-9999,-9999.0,-9999,-9999,-9999,-9999.0,0.0,-9999.0,-9999.0,1,0.0,0.0,0,0.0,0.0,0,-9999.0,0.00278733,0.735572348,-9999.0,-9999.0,-9999.0,-9999,10.0,-9999.0,-9999.0,1,7.5,3.535533906,2.5,2,17.5,3.535533906,2.5,2,47.5,10.60660172,7.5,2,22.5,10.60660172,7.5,2,12.0,9.273618495,4.636809248,4,-9999.0,-9999.0,-9999.0,-9999,-9999,-9999,-9999,-9999,-9999,-9999,-9999,-9999,12.5,10.60660172,7.516648189,2,20.0,-9999.0,-9999.0,1,12.5,10.60660172,7.5,2,3.0,-9999.0,-9999.0,1,>2,<2
2019,2019-08-28,S5-2-15,S5,2,15,68.01826,-149.71002,783.0,0.233,2.167,81.0,-9999,28,Phyllite,W,,N,-9999.0,-9999.0,-9999.0,-9999,-9999.0,-9999,-9999.0,-9999,-9999.0,-9999,-9999,-9999.0,-9999,-9999.0,-9999,-9999.0,-9999,-9999.0,-9999,-9999.0,-9999,-9999.0,-9999,-9999.0,-9999,-9999,-9999,-9999.0,-9999,-9999,-9999,0.68,101.1533892,107.7950238,7.217180856,7,2.832294898,0.202081064,28,1.416147449,0.101040532,28,-9999.0,0.00278733,0.735572348,-9999.0,-9999.0,-9999.0,-9999,10.0,-9999.0,-9999.0,1,5.0,-9999.0,-9999.0,1,15.0,-9999.0,-9999.0,1,40.0,-9999.0,-9999.0,1,30.0,-9999.0,-9999.0,1,20.0,0.0,0.0,2,-9999.0,-9999.0,-9999.0,-9999,-9999,-9999,-9999,-9999,-9999,-9999,-9999,-9999,20.0,-9999.0,-9999.0,1,20.0,-9999.0,-9999.0,1,20.0,-9999.0,-9999.0,1,-9999.0,-9999.0,-9999.0,-9999,>2,>2
2019,2019-08-28,S5-2-20,S5,2,20,68.01829,-149.70993,781.0,0.232,2.157,85.0,-9999,8,Phyllite,W,,N,-9999.0,-9999.0,-9999.0,-9999,-9999.0,-9999,-9999.0,-9999,-9999.0,-9999,-9999,-9999.0,-9999,-9999.0,-9999,-9999.0,-9999,-9999.0,-9999,-9999.0,-9999,-9999.0,-9999,-9999.0,-9999,-9999,-9999,-9999.0,-9999,-9999,-9999,2.25,61.76376897,56.08281806,7.613520619,2,0.494110152,0.060908165,8,0.247055076,0.030454082,8,-9999.0,0.00278733,0.735572348,12.0,-9999.0,-9999.0,1,30.0,28.28427125,20.0,2,5.0,0.0,0.0,2,12.5,3.535533906,2.5,2,22.5,24.74873734,17.5,2,30.0,0.0,0.0,2,22.2,17.58408371,7.863841301,5,-9999.0,-9999.0,-9999.0,-9999,-9999,-9999,-9999,-9999,-9999,-9999,-9999,-9999,35.0,21.21320344,16.60906714,2,35.0,21.21320344,15.0,2,20.0,0.0,0.0,2,1.0,-9999.0,-9999.0,1,>2,<2
2019,2019-08-28,S5-2-25,S5,2,25,68.01834,-149.70987,787.0,0.132,1.903,91.0,-9999,8,Phyllite,W,,N,-9999.0,-9999.0,-9999.0,-9999,-9999.0,-9999,-9999.0,-9999,-9999.0,-9999,-9999,-9999.0,-9999,-9999.0,-9999,-9999.0,-9999,-9999.0,-9999,-9999.0,-9999,-9999.0,-9999,-9999.0,-9999,-9999,-9999,-9999.0,-9999,-9999,-9999,6.125,3551.638741,1772.12222,683.3593973,2,28.41310992,5.466875178,8,14.20655496,2.733437589,8,-9999.0,0.00278733,0.735572348,36.0,-9999.0,-9999.0,1,50.0,-9999.0,-9999.0,1,5.0,-9999.0,-9999.0,1,10.0,-9999.0,-9999.0,1,5.0,-9999.0,-9999.0,1,30.0,-9999.0,-9999.0,1,23.66666667,24.70492528,14.26339526,3,-9999.0,-9999.0,-9999.0,-9999,-9999,-9999,-9999,-9999,-9999,-9999,-9999,-9999,50.0,-9999.0,14.26339526,1,50.0,-9999.0,-9999.0,1,20.0,-9999.0,-9999.0,1,1.0,-9999.0,-9999.0,1,>2,>2
2019,2019-08-28,S5-2-30,S5,2,30,68.01838,-149.70977,787.0,0.099,1.816,64.0,-9999,4,Phyllite,W,,N,-9999.0,-9999.0,0.454404699,-9999,-9999.0,1,0.037420293,-9999,-9999.0,1,2,20.83179115,-9999,-9999.0,1,-26.8226384,-9999,-9999.0,1,-0.8305492,-9999,-9999.0,1,0.229422309,-9999,-9999,1,0.235836266,-9999,-9999,1,5.74,1877.56719,-9999.0,379.9629851,1,7.510268761,1.519851941,4,3.75513438,0.75992597,4,-9999.0,0.00278733,0.735572348,-9999.0,-9999.0,-9999.0,-9999,50.0,-9999.0,-9999.0,1,5.0,-9999.0,-9999.0,1,10.0,-9999.0,-9999.0,1,5.0,-9999.0,-9999.0,1,30.0,-9999.0,-9999.0,1,23.66666667,24.70492528,14.26339526,3,-9999.0,-9999.0,-9999.0,-9999,-9999,-9999,-9999,-9999,-9999,-9999,-9999,-9999,50.0,-9999.0,14.26339526,1,50.0,-9999.0,-9999.0,1,20.0,-9999.0,-9999.0,1,1.0,-9999.0,-9999.0,1,>2,>2
2019,2019-08-28,S5-3-0,S5,3,0,68.01831,-149.70796,784.0,0.204,2.083,70.0,-9999,0,Phyllite,W,,N,-9999.0,-9999.0,-9999.0,-9999,-9999.0,-9999,-9999.0,-9999,-9999.0,-9999,-9999,-9999.0,-9999,-9999.0,-9999,-9999.0,-9999,-9999.0,-9999,-9999.0,-9999,-9999.0,-9999,-9999.0,-9999,-9999,-9999,-9999.0,-9999,-9999,-9999,-9999.0,0.0,-9999.0,-9999.0,1,0.0,0.0,0,0.0,0.0,0,-9999.0,0.00278733,0.735572348,-9999.0,-9999.0,-9999.0,-9999,-9999.0,-9999.0,-9999.0,-9999,10.0,-9999.0,-9999.0,1,30.0,-9999.0,-9999.0,1,55.0,-9999.0,-9999.0,1,5.0,-9999.0,-9999.0,1,-9999.0,-9999.0,-9999.0,-9999,-9999.0,-9999.0,-9999.0,-9999,-9999,-9999,-9999,-9999,-9999,-9999,-9999,-9999,-9999.0,-9999.0,-9999.0,-9999,-9999.0,-9999.0,-9999.0,-9999,-9999.0,-9999.0,-9999.0,-9999,-9999.0,-9999.0,-9999.0,-9999,<2,<2
2019,2019-08-28,S5-3-5,S5,3,5,68.01835,-149.71068,783.0,0.363,2.509,64.0,-9999,0,Phyllite,W,,N,-9999.0,-9999.0,-9999.0,-9999,-9999.0,-9999,-9999.0,-9999,-9999.0,-9999,-9999,-9999.0,-9999,-9999.0,-9999,-9999.0,-9999,-9999.0,-9999,-9999.0,-9999,-9999.0,-9999,-9999.0,-9999,-9999,-9999,-9999.0,-9999,-9999,-9999,-9999.0,0.0,-9999.0,-9999.0,1,0.0,0.0,0,0.0,0.0,0,-9999.0,0.00278733,0.735572348,-9999.0,-9999.0,-9999.0,-9999,-9999.0,-9999.0,-9999.0,-9999,10.0,-9999.0,-9999.0,1,30.0,-9999.0,-9999.0,1,55.0,-9999.0,-9999.0,1,5.0,-9999.0,-9999.0,1,-9999.0,-9999.0,-9999.0,-9999,-9999.0,-9999.0,-9999.0,-9999,-9999,-9999,-9999,-9999,-9999,-9999,-9999,-9999,-9999.0,-9999.0,-9999.0,-9999,-9999.0,-9999.0,-9999.0,-9999,-9999.0,-9999.0,-9999.0,-9999,-9999.0,-9999.0,-9999.0,-9999,<2,<2
2019,2019-08-28,S5-3-10,S5,3,10,68.01837,-149.71057,787.0,0.296,2.32,46.0,-9999,0,Phyllite,W,,N,-9999.0,-9999.0,-9999.0,-9999,-9999.0,-9999,-9999.0,-9999,-9999.0,-9999,-9999,-9999.0,-9999,-9999.0,-9999,-9999.0,-9999,-9999.0,-9999,-9999.0,-9999,-9999.0,-9999,-9999.0,-9999,-9999,-9999,-9999.0,-9999,-9999,-9999,-9999.0,0.0,-9999.0,-9999.0,1,0.0,0.0,0,0.0,0.0,0,-9999.0,0.00278733,0.735572348,-9999.0,-9999.0,-9999.0,-9999,-9999.0,-9999.0,-9999.0,-9999,15.0,7.071067812,5.0,2,17.5,17.67766953,12.5,2,55.0,0.0,0.0,2,12.5,10.60660172,7.5,2,10.0,7.071067812,5.0,2,-9999.0,-9999.0,-9999.0,-9999,-9999,-9999,-9999,-9999,-9999,-9999,-9999,-9999,15.0,-9999.0,5.0,1,5.0,-9999.0,-9999.0,1,15.0,-9999.0,-9999.0,1,-9999.0,-9999.0,-9999.0,-9999,>2,<2
2019,2019-08-28,S5-3-15,S5,3,15,68.01843,-149.7105,790.0,0.277,2.269,62.0,-9999,0,Phyllite,W,,N,-9999.0,-9999.0,-9999.0,-9999,-9999.0,-9999,-9999.0,-9999,-9999.0,-9999,-9999,-9999.0,-9999,-9999.0,-9999,-9999.0,-9999,-9999.0,-9999,-9999.0,-9999,-9999.0,-9999,-9999.0,-9999,-9999,-9999,-9999.0,-9999,-9999,-9999,-9999.0,0.0,-9999.0,-9999.0,1,0.0,0.0,0,0.0,0.0,0,-9999.0,0.00278733,0.735572348,-9999.0,-9999.0,-9999.0,-9999,-9999.0,-9999.0,-9999.0,-9999,20.0,-9999.0,-9999.0,1,5.0,-9999.0,-9999.0,1,55.0,-9999.0,-9999.0,1,20.0,-9999.0,-9999.0,1,10.0,7.071067812,5.0,2,-9999.0,-9999.0,-9999.0,-9999,-9999,-9999,-9999,-9999,-9999,-9999,-9999,-9999,15.0,-9999.0,5.0,1,5.0,-9999.0,-9999.0,1,15.0,-9999.0,-9999.0,1,-9999.0,-9999.0,-9999.0,-9999,>2,<2
2019,2019-08-28,S5-3-20,S5,3,20,68.01844,-149.71041,786.0,0.258,2.222,64.0,-9999,0,Phyllite,W,,N,-9999.0,-9999.0,-9999.0,-9999,-9999.0,-9999,-9999.0,-9999,-9999.0,-9999,-9999,-9999.0,-9999,-9999.0,-9999,-9999.0,-9999,-9999.0,-9999,-9999.0,-9999,-9999.0,-9999,-9999.0,-9999,-9999,-9999,-9999.0,-9999,-9999,-9999,-9999.0,0.0,-9999.0,-9999.0,1,0.0,0.0,0,0.0,0.0,0,-9999.0,0.00278733,0.735572348,-9999.0,-9999.0,-9999.0,-9999,-9999.0,-9999.0,-9999.0,-9999,12.5,10.60660172,7.5,2,10.0,7.071067812,5.0,2,52.5,3.535533906,2.5,2,25.0,7.071067812,5.0,2,11.2,11.71324037,5.238320341,5,-9999.0,-9999.0,-9999.0,-9999,-9999,-9999,-9999,-9999,-9999,-9999,-9999,-9999,22.5,10.60660172,9.115005943,2,17.5,17.67766953,12.5,2,10.0,7.071067812,5.0,2,1.0,-9999.0,-9999.0,1,>2,<2
2019,2019-08-28,S5-3-25,S5,3,25,68.01847,-149.7103,780.0,0.494,2.982,46.0,-9999,0,Phyllite,W,,N,-9999.0,-9999.0,-9999.0,-9999,-9999.0,-9999,-9999.0,-9999,-9999.0,-9999,-9999,-9999.0,-9999,-9999.0,-9999,-9999.0,-9999,-9999.0,-9999,-9999.0,-9999,-9999.0,-9999,-9999.0,-9999,-9999,-9999,-9999.0,-9999,-9999,-9999,-9999.0,0.0,-9999.0,-9999.0,1,0.0,0.0,0,0.0,0.0,0,-9999.0,0.00278733,0.735572348,-9999.0,-9999.0,-9999.0,-9999,-9999.0,-9999.0,-9999.0,-9999,5.0,-9999.0,-9999.0,1,15.0,-9999.0,-9999.0,1,50.0,-9999.0,-9999.0,1,30.0,-9999.0,-9999.0,1,12.0,15.71623365,9.073771726,3,-9999.0,-9999.0,-9999.0,-9999,-9999,-9999,-9999,-9999,-9999,-9999,-9999,-9999,30.0,-9999.0,9.073771726,1,30.0,-9999.0,-9999.0,1,5.0,-9999.0,-9999.0,1,1.0,-9999.0,-9999.0,1,>2,<2
2019,2019-08-28,S5-3-30,S5,3,30,68.01846,-149.71023,775.0,0.138,1.919,66.0,-9999,24,Phyllite,W,,N,-9999.0,-9999.0,-9999.0,-9999,-9999.0,-9999,-9999.0,-9999,-9999.0,-9999,-9999,-9999.0,-9999,-9999.0,-9999,-9999.0,-9999,-9999.0,-9999,-9999.0,-9999,-9999.0,-9999,-9999.0,-9999,-9999,-9999,-9999.0,-9999,-9999,-9999,3.015,447.1745281,529.8538431,47.65246763,6,10.73218867,1.143659223,24,5.366094337,0.571829612,24,-9999.0,0.00278733,0.735572348,45.0,-9999.0,-9999.0,1,-9999.0,-9999.0,-9999.0,-9999,5.0,-9999.0,-9999.0,1,15.0,-9999.0,-9999.0,1,50.0,-9999.0,-9999.0,1,30.0,-9999.0,-9999.0,1,12.0,15.71623365,9.073771726,3,-9999.0,-9999.0,-9999.0,-9999,-9999,-9999,-9999,-9999,-9999,-9999,-9999,-9999,30.0,-9999.0,9.073771726,1,30.0,-9999.0,-9999.0,1,5.0,-9999.0,-9999.0,1,1.0,-9999.0,-9999.0,1,>2,>2
